Income,Debt,EMI,Late,Employment,CreditScore,Risk,LoanStatus
25131,25349,21,0,Salaried,330,High,Rejected
55149,21058,16,4,SelfEmployed,342,High,Rejected
63481,13484,28,1,Salaried,486,High,Rejected
60685,21630,55,3,SelfEmployed,392,High,Rejected
24923,6136,23,5,Salaried,300,High,Rejected
67145,22721,13,3,SelfEmployed,415,High,Rejected
33103,45423,24,5,Salaried,300,High,Rejected
67685,47806,60,1,SelfEmployed,407,High,Rejected
20927,89306,33,2,SelfEmployed,300,High,Rejected
57564,38558,64,4,Salaried,303,High,Rejected
55295,25747,18,6,Salaried,300,High,Rejected
75502,43689,49,0,Salaried,480,High,Rejected
76046,50634,64,3,Salaried,373,High,Rejected
76374,24288,66,3,Salaried,448,High,Rejected
22457,30182,51,6,SelfEmployed,300,High,Rejected
65307,43593,27,2,Salaried,380,High,Rejected
84723,46,42,3,Salaried,548,High,Rejected
56442,80241,61,6,SelfEmployed,300,High,Rejected
62415,27896,38,0,SelfEmployed,472,High,Rejected
95123,59066,38,3,Salaried,426,High,Rejected
37164,30951,67,3,SelfEmployed,300,High,Rejected
87692,84678,34,1,SelfEmployed,385,High,Rejected
80499,89617,10,3,Salaried,300,High,Rejected
57702,58596,60,4,Salaried,300,High,Rejected
73070,12946,35,2,SelfEmployed,496,High,Rejected
36695,5083,54,0,SelfEmployed,432,High,Rejected
85795,41827,49,6,SelfEmployed,346,High,Rejected
82451,32258,18,2,SelfEmployed,480,High,Rejected
33435,71942,40,5,SelfEmployed,300,High,Rejected
44153,6176,68,1,SelfEmployed,429,High,Rejected
72483,51634,26,6,SelfEmployed,300,High,Rejected
68581,5905,67,2,Salaried,497,High,Rejected
36168,40125,47,3,Salaried,300,High,Rejected
47303,3838,63,1,Salaried,448,High,Rejected
26834,55910,61,3,Salaried,300,High,Rejected
57612,67550,12,3,Salaried,300,High,Rejected
96074,60417,60,1,Salaried,486,High,Rejected
68573,23419,22,2,Salaried,449,High,Rejected
77554,9797,12,6,SelfEmployed,403,High,Rejected
53869,28730,25,0,Salaried,435,High,Rejected
48363,11139,41,6,Salaried,300,High,Rejected
92560,23478,63,1,Salaried,575,High,Rejected
76181,72933,42,6,Salaried,300,High,Rejected
48615,20602,45,0,SelfEmployed,437,High,Rejected
84176,19108,18,0,Salaried,583,High,Rejected
71009,62183,16,5,SelfEmployed,300,High,Rejected
24983,51609,62,1,Salaried,300,High,Rejected
84480,1024,34,2,SelfEmployed,575,High,Rejected
39781,14494,55,0,SelfEmployed,418,High,Rejected
62461,75541,56,3,SelfEmployed,300,High,Rejected
61477,76269,56,4,Salaried,300,High,Rejected
50251,87041,10,4,Salaried,300,High,Rejected
57077,5565,16,0,Salaried,512,High,Rejected
65037,39792,48,2,Salaried,389,High,Rejected
98291,55435,32,2,Salaried,479,High,Rejected
79591,25666,31,6,Salaried,367,High,Rejected
95052,43545,68,1,SelfEmployed,529,High,Rejected
65976,77848,46,2,Salaried,300,High,Rejected
99193,43877,27,4,SelfEmployed,454,High,Rejected
62562,45512,64,5,SelfEmployed,300,High,Rejected
59960,15906,54,0,SelfEmployed,495,High,Rejected
51886,16003,50,0,SelfEmployed,463,High,Rejected
61466,39229,35,2,Salaried,376,High,Rejected
56964,60107,15,5,Salaried,300,High,Rejected
86399,75221,22,2,SelfEmployed,376,High,Rejected
83998,60385,15,1,SelfEmployed,438,High,Rejected
76663,63632,32,0,Salaried,429,High,Rejected
43848,36411,25,0,SelfEmployed,374,High,Rejected
75194,79851,66,1,SelfEmployed,348,High,Rejected
45835,74763,47,1,SelfEmployed,300,High,Rejected
55353,1406,14,4,SelfEmployed,397,High,Rejected
87383,45826,15,5,Salaried,372,High,Rejected
48232,49807,12,5,Salaried,300,High,Rejected
35699,80157,70,2,Salaried,300,High,Rejected
45923,75420,53,1,SelfEmployed,300,High,Rejected
75864,30641,25,4,Salaried,398,High,Rejected
60847,1703,13,4,Salaried,418,High,Rejected
34610,17552,33,4,SelfEmployed,300,High,Rejected
80293,51659,42,3,Salaried,387,High,Rejected
78509,20129,55,4,Salaried,438,High,Rejected
90853,39937,50,2,SelfEmployed,492,High,Rejected
91574,46212,45,4,SelfEmployed,417,High,Rejected
34407,89170,48,5,SelfEmployed,300,High,Rejected
36062,31285,65,0,SelfEmployed,357,High,Rejected
33114,26612,47,0,SelfEmployed,358,High,Rejected
90591,20084,29,1,Salaried,576,High,Rejected
79463,75123,51,1,SelfEmployed,379,High,Rejected
64942,49271,58,5,Salaried,300,High,Rejected
74241,36542,52,6,SelfEmployed,315,High,Rejected
23076,34639,53,0,Salaried,300,High,Rejected
48449,10409,20,0,SelfEmployed,464,High,Rejected
36285,53554,32,1,SelfEmployed,300,High,Rejected
91519,61689,58,1,Salaried,464,High,Rejected
49821,36541,44,2,Salaried,337,High,Rejected
29204,14294,51,5,Salaried,300,High,Rejected
99905,22329,19,4,SelfEmployed,517,High,Rejected
30003,86428,59,2,Salaried,300,High,Rejected
49578,83763,45,5,Salaried,300,High,Rejected
27292,24970,19,4,Salaried,300,High,Rejected
66361,37649,60,6,Salaried,300,High,Rejected
53469,69052,10,4,SelfEmployed,300,High,Rejected
26598,67445,35,0,SelfEmployed,300,High,Rejected
80438,40168,14,4,SelfEmployed,390,High,Rejected
33686,21111,35,4,Salaried,300,High,Rejected
41777,16137,12,5,SelfEmployed,300,High,Rejected
62975,13068,62,0,Salaried,515,High,Rejected
87874,38200,49,3,Salaried,455,High,Rejected
65881,38661,34,3,Salaried,366,High,Rejected
63336,84621,69,3,Salaried,300,High,Rejected
57771,67876,57,0,Salaried,342,High,Rejected
32128,51704,55,4,Salaried,300,High,Rejected
86834,6060,39,0,Salaried,630,Medium,Approved
21085,22461,60,0,SelfEmployed,321,High,Rejected
87181,14949,55,0,SelfEmployed,607,Medium,Approved
43566,7480,46,3,Salaried,363,High,Rejected
83901,41528,49,4,Salaried,400,High,Rejected
62071,15956,15,4,Salaried,383,High,Rejected
73903,54565,45,0,Salaried,444,High,Rejected
47273,39267,66,4,SelfEmployed,300,High,Rejected
71190,15375,46,1,Salaried,512,High,Rejected
50272,55560,41,2,Salaried,300,High,Rejected
20469,76483,43,0,Salaried,300,High,Rejected
27345,59170,48,3,SelfEmployed,300,High,Rejected
32741,52348,22,6,SelfEmployed,300,High,Rejected
40197,7817,34,5,Salaried,300,High,Rejected
98042,3749,21,0,Salaried,681,Medium,Approved
39233,73728,14,4,SelfEmployed,300,High,Rejected
90129,46211,15,4,Salaried,412,High,Rejected
94794,20880,51,1,Salaried,591,High,Rejected
77445,46028,27,0,Salaried,481,High,Rejected
43214,6390,44,2,SelfEmployed,395,High,Rejected
55211,47857,14,6,SelfEmployed,300,High,Rejected
63741,65485,28,5,SelfEmployed,300,High,Rejected
58766,76937,40,4,Salaried,300,High,Rejected
54025,76300,30,2,Salaried,300,High,Rejected
73098,13278,10,4,Salaried,435,High,Rejected
28102,57428,53,6,Salaried,300,High,Rejected
76726,11422,35,3,SelfEmployed,485,High,Rejected
25791,65042,24,4,Salaried,300,High,Rejected
91103,59587,45,1,SelfEmployed,468,High,Rejected
38694,32679,67,4,Salaried,300,High,Rejected
80452,59947,43,2,SelfEmployed,395,High,Rejected
42913,45238,18,4,Salaried,300,High,Rejected
92152,1865,38,2,Salaried,603,Medium,Approved
63956,21237,36,4,SelfEmployed,376,High,Rejected
88088,43785,50,6,SelfEmployed,350,High,Rejected
26724,25870,48,5,Salaried,300,High,Rejected
31778,24128,39,5,SelfEmployed,300,High,Rejected
64309,50900,50,5,Salaried,300,High,Rejected
46284,78423,36,0,SelfEmployed,300,High,Rejected
97216,60938,54,4,SelfEmployed,399,High,Rejected
28725,52940,11,3,Salaried,300,High,Rejected
26095,57561,64,6,SelfEmployed,300,High,Rejected
56694,18306,44,2,SelfEmployed,415,High,Rejected
48263,749,37,5,Salaried,340,High,Rejected
89200,88867,58,1,SelfEmployed,379,High,Rejected
24928,63148,19,0,SelfEmployed,300,High,Rejected
60111,57200,45,1,SelfEmployed,351,High,Rejected
44397,61640,64,6,Salaried,300,High,Rejected
21394,73374,25,2,Salaried,300,High,Rejected
97367,55161,38,5,SelfEmployed,386,High,Rejected
92572,26825,54,4,Salaried,475,High,Rejected
66121,24667,59,0,Salaried,495,High,Rejected
93117,64736,37,3,Salaried,402,High,Rejected
46524,24041,11,1,Salaried,389,High,Rejected
84606,26058,49,3,Salaried,476,High,Rejected
31464,52730,50,4,Salaried,300,High,Rejected
86349,47220,13,0,SelfEmployed,514,High,Rejected
76210,81639,57,1,SelfEmployed,348,High,Rejected
63424,69345,13,1,Salaried,331,High,Rejected
91354,78818,50,4,SelfEmployed,326,High,Rejected
36094,23768,58,6,SelfEmployed,300,High,Rejected
55074,50390,35,1,Salaried,350,High,Rejected
49077,16195,52,0,SelfEmployed,451,High,Rejected
68355,38399,61,6,SelfEmployed,300,High,Rejected
68034,75203,33,2,SelfEmployed,303,High,Rejected
82457,71923,58,1,SelfEmployed,400,High,Rejected
42184,12377,22,0,Salaried,434,High,Rejected
34079,56787,42,1,SelfEmployed,300,High,Rejected
26034,64150,65,0,Salaried,300,High,Rejected
54240,59009,33,0,SelfEmployed,353,High,Rejected
75948,32563,38,5,Salaried,363,High,Rejected
53390,76242,38,6,SelfEmployed,300,High,Rejected
38385,8790,48,6,SelfEmployed,300,High,Rejected
75769,42818,51,2,SelfEmployed,424,High,Rejected
42519,35256,51,4,Salaried,300,High,Rejected
70259,47830,38,0,Salaried,448,High,Rejected
34831,8323,46,5,SelfEmployed,300,High,Rejected
88358,85282,27,6,SelfEmployed,300,High,Rejected
82328,28106,57,1,SelfEmployed,521,High,Rejected
80949,67317,68,6,Salaried,300,High,Rejected
35726,33265,26,6,Salaried,300,High,Rejected
34923,47856,41,6,Salaried,300,High,Rejected
32089,41911,67,2,Salaried,300,High,Rejected
51304,34296,61,4,SelfEmployed,300,High,Rejected
55849,11407,49,2,SelfEmployed,431,High,Rejected
40235,74103,43,4,SelfEmployed,300,High,Rejected
89284,55163,30,1,SelfEmployed,473,High,Rejected
25052,55302,34,1,Salaried,300,High,Rejected
99086,47378,46,5,SelfEmployed,414,High,Rejected
93989,32167,43,0,Salaried,586,High,Rejected
52106,2516,50,3,Salaried,411,High,Rejected
54723,33571,43,0,SelfEmployed,425,High,Rejected
24459,4950,47,4,SelfEmployed,300,High,Rejected
61987,85833,63,0,Salaried,309,High,Rejected
96566,86317,47,0,SelfEmployed,446,High,Rejected
62392,71014,67,4,Salaried,300,High,Rejected
73762,69639,43,5,SelfEmployed,300,High,Rejected
20556,21,33,0,SelfEmployed,382,High,Rejected
51858,57605,14,3,SelfEmployed,300,High,Rejected
26182,17775,40,4,SelfEmployed,300,High,Rejected
94724,55380,15,1,SelfEmployed,495,High,Rejected
25688,44217,33,2,SelfEmployed,300,High,Rejected
84333,36019,42,4,SelfEmployed,417,High,Rejected
97725,67069,19,5,Salaried,354,High,Rejected
39037,83054,10,3,SelfEmployed,300,High,Rejected
59458,88314,62,4,Salaried,300,High,Rejected
56472,19596,18,5,SelfEmployed,321,High,Rejected
30813,67596,68,1,Salaried,300,High,Rejected
54895,22218,45,1,SelfEmployed,427,High,Rejected
84436,12093,58,3,Salaried,514,High,Rejected
67631,4067,43,3,SelfEmployed,469,High,Rejected
76683,75346,65,0,SelfEmployed,397,High,Rejected
52885,35419,13,1,Salaried,383,High,Rejected
77744,21356,14,3,Salaried,461,High,Rejected
50304,6101,50,4,SelfEmployed,364,High,Rejected
51436,69442,51,3,Salaried,300,High,Rejected
69069,8060,23,2,Salaried,493,High,Rejected
61634,81719,14,2,Salaried,300,High,Rejected
89380,79324,17,4,SelfEmployed,317,High,Rejected
93878,46617,66,2,Salaried,486,High,Rejected
55408,43531,26,1,Salaried,370,High,Rejected
38924,78574,31,6,SelfEmployed,300,High,Rejected
62765,60849,48,0,Salaried,382,High,Rejected
53659,44083,29,4,SelfEmployed,300,High,Rejected
44696,1843,38,2,SelfEmployed,413,High,Rejected
97018,27549,61,0,Salaried,611,Medium,Approved
58483,34752,12,0,SelfEmployed,437,High,Rejected
94605,69685,53,6,Salaried,304,High,Rejected
40873,31777,58,5,Salaried,300,High,Rejected
98757,64158,14,0,SelfEmployed,516,High,Rejected
22829,68241,38,6,SelfEmployed,300,High,Rejected
57240,42170,68,2,SelfEmployed,351,High,Rejected
75670,26148,69,1,SelfEmployed,500,High,Rejected
39560,3307,54,5,SelfEmployed,300,High,Rejected
58479,57441,37,6,SelfEmployed,300,High,Rejected
62653,80673,59,0,SelfEmployed,326,High,Rejected
89372,46200,24,0,SelfEmployed,529,High,Rejected
98638,46374,70,5,SelfEmployed,415,High,Rejected
73009,610,17,4,Salaried,470,High,Rejected
78967,48944,16,5,Salaried,329,High,Rejected
75631,57797,49,2,SelfEmployed,381,High,Rejected
32638,26332,57,1,Salaried,327,High,Rejected
64785,69012,24,2,SelfEmployed,307,High,Rejected
37609,52258,50,6,SelfEmployed,300,High,Rejected
78472,40320,45,3,Salaried,411,High,Rejected
33614,70714,14,2,SelfEmployed,300,High,Rejected
22327,13961,23,6,Salaried,300,High,Rejected
70287,28511,52,1,Salaried,471,High,Rejected
46415,43560,65,4,Salaried,300,High,Rejected
20147,82541,34,5,SelfEmployed,300,High,Rejected
57758,56368,47,4,SelfEmployed,300,High,Rejected
94374,51354,39,4,SelfEmployed,414,High,Rejected
93487,67940,53,1,Salaried,455,High,Rejected
24581,9650,60,1,SelfEmployed,341,High,Rejected
93136,29161,63,6,SelfEmployed,411,High,Rejected
66680,75479,16,1,SelfEmployed,327,High,Rejected
55389,85587,59,6,Salaried,300,High,Rejected
24583,39449,38,0,SelfEmployed,300,High,Rejected
60966,60132,27,6,SelfEmployed,300,High,Rejected
97288,47008,24,6,Salaried,378,High,Rejected
55050,28657,13,6,Salaried,300,High,Rejected
37810,70952,24,1,Salaried,300,High,Rejected
88488,73008,66,0,SelfEmployed,451,High,Rejected
78723,63049,67,3,SelfEmployed,349,High,Rejected
57368,89889,53,6,Salaried,300,High,Rejected
70864,75856,61,0,SelfEmployed,372,High,Rejected
47080,12348,58,0,Salaried,454,High,Rejected
78749,14176,70,6,Salaried,395,High,Rejected
99750,86455,30,3,Salaried,368,High,Rejected
82187,75644,55,6,SelfEmployed,300,High,Rejected
84354,26852,28,5,Salaried,412,High,Rejected
22029,34025,68,4,SelfEmployed,300,High,Rejected
55841,43597,48,1,Salaried,372,High,Rejected
60322,62305,36,4,SelfEmployed,300,High,Rejected
30126,48456,17,2,SelfEmployed,300,High,Rejected
91842,9900,43,1,SelfEmployed,609,Medium,Approved
76385,28969,65,2,Salaried,465,High,Rejected
54118,35848,45,5,SelfEmployed,300,High,Rejected
85755,322,50,4,Salaried,522,High,Rejected
30692,16859,36,2,SelfEmployed,315,High,Rejected
80197,60055,13,6,Salaried,300,High,Rejected
90019,89653,63,3,SelfEmployed,321,High,Rejected
62812,22009,10,5,Salaried,340,High,Rejected
51931,29497,47,0,Salaried,425,High,Rejected
81925,28328,46,5,SelfEmployed,399,High,Rejected
26420,66455,59,3,Salaried,300,High,Rejected
84143,33174,30,0,Salaried,544,High,Rejected
49537,70965,54,5,SelfEmployed,300,High,Rejected
66163,53629,66,5,Salaried,300,High,Rejected
61680,1415,37,4,SelfEmployed,422,High,Rejected
99085,65395,54,2,SelfEmployed,454,High,Rejected
20406,72149,38,2,Salaried,300,High,Rejected
84710,5303,58,1,Salaried,594,High,Rejected
83157,87003,22,4,Salaried,300,High,Rejected
41483,48657,51,5,Salaried,300,High,Rejected
89011,24474,56,5,Salaried,438,High,Rejected
89955,54178,19,3,Salaried,419,High,Rejected
51674,45342,38,0,Salaried,380,High,Rejected
97892,12707,28,2,Salaried,596,High,Rejected
72115,61466,41,0,Salaried,417,High,Rejected
22254,80830,46,6,SelfEmployed,300,High,Rejected
71902,5713,44,3,SelfEmployed,481,High,Rejected
26539,48549,65,5,SelfEmployed,300,High,Rejected
93148,10667,53,5,Salaried,492,High,Rejected
37252,45383,66,5,SelfEmployed,300,High,Rejected
94572,9568,38,3,Salaried,561,High,Rejected
45342,80351,30,3,Salaried,300,High,Rejected
30677,60966,14,4,SelfEmployed,300,High,Rejected
97105,66914,56,4,Salaried,382,High,Rejected
51001,45685,51,0,SelfEmployed,377,High,Rejected
92939,19948,43,5,Salaried,466,High,Rejected
58186,82141,50,2,SelfEmployed,300,High,Rejected
28912,14637,30,3,SelfEmployed,300,High,Rejected
25693,12127,65,6,SelfEmployed,300,High,Rejected
24805,17470,64,4,Salaried,300,High,Rejected
22106,15215,12,2,Salaried,300,High,Rejected
64435,57791,69,5,Salaried,300,High,Rejected
95459,54210,67,1,Salaried,501,High,Rejected
70821,73520,54,4,SelfEmployed,300,High,Rejected
42951,59065,14,5,SelfEmployed,300,High,Rejected
63464,68895,27,5,SelfEmployed,300,High,Rejected
31823,56355,54,4,Salaried,300,High,Rejected
86929,5798,56,2,SelfEmployed,571,High,Rejected
87121,73722,17,6,Salaried,300,High,Rejected
42625,498,52,0,Salaried,469,High,Rejected
95081,7045,19,4,Salaried,540,High,Rejected
23597,1436,59,1,SelfEmployed,360,High,Rejected
74596,77817,41,2,Salaried,322,High,Rejected
50526,22785,18,6,Salaried,300,High,Rejected
92788,31623,15,1,Salaried,553,High,Rejected
84784,89140,36,6,Salaried,300,High,Rejected
23674,88962,16,6,Salaried,300,High,Rejected
28079,4059,38,1,Salaried,371,High,Rejected
54067,86779,28,4,SelfEmployed,300,High,Rejected
77331,9185,56,1,SelfEmployed,553,High,Rejected
58200,81203,44,2,SelfEmployed,300,High,Rejected
31464,78084,53,6,Salaried,300,High,Rejected
42834,75469,25,6,Salaried,300,High,Rejected
49370,11070,37,5,SelfEmployed,316,High,Rejected
43957,27940,50,3,SelfEmployed,308,High,Rejected
69299,31932,31,5,SelfEmployed,338,High,Rejected
34530,33545,13,3,Salaried,300,High,Rejected
43678,15965,40,6,Salaried,300,High,Rejected
59841,88955,26,2,SelfEmployed,300,High,Rejected
53218,19516,67,6,SelfEmployed,300,High,Rejected
75677,63743,15,3,Salaried,335,High,Rejected
43585,33385,18,6,Salaried,300,High,Rejected
40259,70167,21,3,Salaried,300,High,Rejected
80316,19373,61,1,Salaried,537,High,Rejected
90727,39475,24,1,SelfEmployed,523,High,Rejected
71895,31624,15,3,Salaried,409,High,Rejected
58544,19913,46,1,Salaried,448,High,Rejected
35010,22424,35,0,Salaried,377,High,Rejected
29240,75625,11,5,Salaried,300,High,Rejected
74141,12543,60,5,Salaried,411,High,Rejected
94020,43740,34,5,SelfEmployed,404,High,Rejected
46716,55794,34,5,SelfEmployed,300,High,Rejected
70564,42587,40,4,Salaried,343,High,Rejected
35427,22968,33,2,Salaried,317,High,Rejected
92047,10811,67,3,SelfEmployed,548,High,Rejected
36582,52986,67,5,SelfEmployed,300,High,Rejected
39214,44214,10,3,Salaried,300,High,Rejected
97386,24806,48,3,SelfEmployed,530,High,Rejected
65387,37453,34,4,Salaried,337,High,Rejected
52289,29710,10,1,Salaried,396,High,Rejected
89687,31097,48,0,SelfEmployed,572,High,Rejected
66314,38367,46,4,Salaried,338,High,Rejected
98709,35263,36,2,SelfEmployed,536,High,Rejected
83558,43662,48,1,SelfEmployed,482,High,Rejected
84722,51814,32,1,Salaried,464,High,Rejected
51853,83077,55,1,Salaried,300,High,Rejected
81241,41772,67,2,SelfEmployed,448,High,Rejected
92696,55456,12,0,Salaried,516,High,Rejected
73226,89685,45,0,Salaried,343,High,Rejected
52775,54931,18,0,SelfEmployed,358,High,Rejected
47664,81998,11,1,Salaried,300,High,Rejected
85371,88068,24,4,SelfEmployed,300,High,Rejected
74214,1490,20,3,SelfEmployed,502,High,Rejected
75868,85497,30,4,Salaried,300,High,Rejected
39212,28187,42,2,Salaried,318,High,Rejected
87161,64164,67,6,SelfEmployed,300,High,Rejected
54195,80420,23,5,Salaried,300,High,Rejected
96495,12316,14,6,SelfEmployed,471,High,Rejected
96737,13925,42,0,Salaried,648,Medium,Approved
96687,33567,35,2,SelfEmployed,533,High,Rejected
60480,34559,36,0,SelfEmployed,445,High,Rejected
78732,31852,33,6,SelfEmployed,346,High,Rejected
61645,27542,39,6,Salaried,300,High,Rejected
58108,27307,47,5,SelfEmployed,306,High,Rejected
61569,57246,43,5,Salaried,300,High,Rejected
97338,79066,37,6,Salaried,300,High,Rejected
52444,11696,47,1,Salaried,447,High,Rejected
21048,48719,12,2,Salaried,300,High,Rejected
54892,44323,57,1,Salaried,366,High,Rejected
42023,47084,31,4,Salaried,300,High,Rejected
92413,13291,56,3,Salaried,542,High,Rejected
34133,21565,31,1,Salaried,346,High,Rejected
36023,87403,29,5,SelfEmployed,300,High,Rejected
45820,76464,27,3,Salaried,300,High,Rejected
22189,62193,27,3,SelfEmployed,300,High,Rejected
37448,86505,63,3,Salaried,300,High,Rejected
73331,51121,62,0,Salaried,451,High,Rejected
53150,26217,42,6,Salaried,300,High,Rejected
33569,4991,60,4,Salaried,300,High,Rejected
87553,65340,48,0,SelfEmployed,468,High,Rejected
85224,53647,42,4,SelfEmployed,371,High,Rejected
72665,62854,39,6,Salaried,300,High,Rejected
81842,22216,59,4,SelfEmployed,445,High,Rejected
99817,79832,31,2,Salaried,417,High,Rejected
78624,59289,41,0,Salaried,449,High,Rejected
41606,57937,33,2,SelfEmployed,300,High,Rejected
91072,73499,17,3,Salaried,370,High,Rejected
60310,64002,57,4,Salaried,300,High,Rejected
40114,71128,48,1,Salaried,300,High,Rejected
68833,73135,29,1,SelfEmployed,342,High,Rejected
36767,76671,24,2,Salaried,300,High,Rejected
38627,57511,56,3,SelfEmployed,300,High,Rejected
76374,43220,45,0,Salaried,485,High,Rejected
50740,77122,61,0,Salaried,300,High,Rejected
59259,80265,55,0,Salaried,314,High,Rejected
30774,40787,64,3,SelfEmployed,300,High,Rejected
46336,42197,56,6,Salaried,300,High,Rejected
83950,75617,46,2,Salaried,365,High,Rejected
97577,70815,56,0,SelfEmployed,493,High,Rejected
72881,52082,14,4,Salaried,326,High,Rejected
64809,87030,24,0,SelfEmployed,317,High,Rejected
85065,41101,24,4,Salaried,406,High,Rejected
67454,67750,13,5,SelfEmployed,300,High,Rejected
20039,20080,33,4,SelfEmployed,300,High,Rejected
56528,78413,70,6,SelfEmployed,300,High,Rejected
58311,15814,69,4,Salaried,369,High,Rejected
91415,41997,21,3,SelfEmployed,459,High,Rejected
71840,45555,54,0,SelfEmployed,460,High,Rejected
73099,62429,18,6,Salaried,300,High,Rejected
45442,15513,15,3,Salaried,348,High,Rejected
55341,34839,35,0,Salaried,424,High,Rejected
47937,29754,32,1,SelfEmployed,379,High,Rejected
53218,70550,34,3,SelfEmployed,300,High,Rejected
24306,42296,54,2,SelfEmployed,300,High,Rejected
71560,36273,45,6,Salaried,305,High,Rejected
87444,87030,65,0,SelfEmployed,408,High,Rejected
21356,59122,42,2,Salaried,300,High,Rejected
63997,88644,32,0,Salaried,309,High,Rejected
96385,76120,34,1,SelfEmployed,444,High,Rejected
44221,13579,59,6,SelfEmployed,300,High,Rejected
40188,69802,54,4,Salaried,300,High,Rejected
60626,81950,23,1,Salaried,300,High,Rejected
57926,24045,43,1,Salaried,434,High,Rejected
36189,27491,26,1,SelfEmployed,338,High,Rejected
81369,32625,70,4,Salaried,414,High,Rejected
80006,70920,69,3,SelfEmployed,333,High,Rejected
80996,33267,32,1,SelfEmployed,501,High,Rejected
43234,64104,10,6,Salaried,300,High,Rejected
64712,9578,33,2,SelfEmployed,472,High,Rejected
44726,74354,28,0,Salaried,300,High,Rejected
45527,64007,56,1,SelfEmployed,300,High,Rejected
45414,34595,26,1,Salaried,355,High,Rejected
87210,46091,35,5,SelfEmployed,370,High,Rejected
53087,71502,41,5,Salaried,300,High,Rejected
89334,30334,49,1,Salaried,543,High,Rejected
59868,71254,70,3,Salaried,300,High,Rejected
26467,52041,14,1,SelfEmployed,300,High,Rejected
96373,34233,17,3,Salaried,500,High,Rejected
95444,55942,13,3,Salaried,436,High,Rejected
91176,43913,23,6,SelfEmployed,362,High,Rejected
74144,81006,68,2,Salaried,311,High,Rejected
52009,67326,40,4,SelfEmployed,300,High,Rejected
35240,3210,52,3,Salaried,342,High,Rejected
89880,34733,22,4,SelfEmployed,443,High,Rejected
52606,41359,30,5,SelfEmployed,300,High,Rejected
42497,66315,34,1,Salaried,300,High,Rejected
63098,22907,11,6,Salaried,308,High,Rejected
49822,57966,45,3,SelfEmployed,300,High,Rejected
44863,64409,64,3,SelfEmployed,300,High,Rejected
47205,24341,47,5,SelfEmployed,300,High,Rejected
93495,50220,28,6,Salaried,354,High,Rejected
75173,42759,12,1,SelfEmployed,451,High,Rejected
33512,56880,53,6,SelfEmployed,300,High,Rejected
70221,79581,62,6,Salaried,300,High,Rejected
27710,15324,70,1,Salaried,338,High,Rejected
43517,16558,40,5,Salaried,300,High,Rejected
44726,73228,64,5,SelfEmployed,300,High,Rejected
82381,75651,45,0,SelfEmployed,419,High,Rejected
94181,31774,22,0,Salaried,588,High,Rejected
96418,84173,45,1,Salaried,421,High,Rejected
49520,4447,38,5,Salaried,335,High,Rejected
42929,63138,35,0,SelfEmployed,300,High,Rejected
90350,36995,53,4,Salaried,438,High,Rejected
28098,74586,65,3,SelfEmployed,300,High,Rejected
95961,42193,23,5,Salaried,416,High,Rejected
78591,19397,26,1,Salaried,530,High,Rejected
50852,49136,43,0,Salaried,366,High,Rejected
82410,80320,66,3,SelfEmployed,316,High,Rejected
27775,89906,34,5,Salaried,300,High,Rejected
27284,9257,29,0,Salaried,383,High,Rejected
76557,45824,32,0,SelfEmployed,478,High,Rejected
24152,34463,35,4,SelfEmployed,300,High,Rejected
61004,64955,31,6,Salaried,300,High,Rejected
69487,41077,68,4,SelfEmployed,343,High,Rejected
54446,32140,50,5,Salaried,300,High,Rejected
53433,52792,39,1,Salaried,337,High,Rejected
30065,31526,49,0,SelfEmployed,332,High,Rejected
43567,85929,70,2,SelfEmployed,300,High,Rejected
57999,7977,38,6,SelfEmployed,329,High,Rejected
81533,56757,39,0,SelfEmployed,468,High,Rejected
71380,58504,55,3,SelfEmployed,333,High,Rejected
85826,18041,16,2,Salaried,533,High,Rejected
49231,59637,70,1,SelfEmployed,301,High,Rejected
96054,62923,13,0,Salaried,509,High,Rejected
87205,22288,25,6,SelfEmployed,406,High,Rejected
31526,86302,14,4,SelfEmployed,300,High,Rejected
85686,83405,52,1,SelfEmployed,381,High,Rejected
67406,83941,62,1,SelfEmployed,306,High,Rejected
91325,73897,26,1,Salaried,430,High,Rejected
75091,8032,27,4,Salaried,458,High,Rejected
49563,8828,47,2,SelfEmployed,413,High,Rejected
28677,45977,36,1,SelfEmployed,300,High,Rejected
90911,24934,61,6,Salaried,414,High,Rejected
91056,81816,37,6,SelfEmployed,300,High,Rejected
96753,57795,63,1,Salaried,496,High,Rejected
41531,56933,20,5,SelfEmployed,300,High,Rejected
71903,85651,63,6,SelfEmployed,300,High,Rejected
78029,88493,46,2,Salaried,306,High,Rejected
52385,55050,10,4,Salaried,300,High,Rejected
23485,4490,31,5,SelfEmployed,300,High,Rejected
34059,701,46,6,SelfEmployed,300,High,Rejected
70730,43787,12,4,SelfEmployed,341,High,Rejected
23428,22571,38,3,Salaried,300,High,Rejected
24439,40464,54,2,SelfEmployed,300,High,Rejected
91915,61576,21,6,SelfEmployed,316,High,Rejected
78618,55141,31,4,SelfEmployed,341,High,Rejected
58381,63984,32,4,SelfEmployed,300,High,Rejected
61587,45848,22,4,SelfEmployed,300,High,Rejected
83360,7811,65,3,Salaried,521,High,Rejected
90036,1305,58,2,SelfEmployed,596,High,Rejected
67387,25435,70,6,Salaried,318,High,Rejected
61506,40671,52,1,Salaried,403,High,Rejected
94132,41010,35,0,Salaried,562,High,Rejected
82260,69619,38,3,Salaried,345,High,Rejected
68246,73138,32,2,SelfEmployed,309,High,Rejected
26005,71490,65,6,Salaried,300,High,Rejected
86580,47241,55,4,SelfEmployed,395,High,Rejected
87846,65206,34,6,Salaried,300,High,Rejected
43543,57180,59,0,Salaried,315,High,Rejected
64478,48563,31,6,SelfEmployed,300,High,Rejected
51324,87085,67,0,Salaried,300,High,Rejected
72834,68173,67,2,Salaried,341,High,Rejected
55043,77588,53,2,Salaried,300,High,Rejected
69466,51940,40,3,SelfEmployed,343,High,Rejected
61209,45796,20,0,SelfEmployed,417,High,Rejected
82166,58280,10,1,Salaried,436,High,Rejected
54024,40573,39,4,Salaried,300,High,Rejected
71379,86787,51,2,Salaried,300,High,Rejected
31357,23860,19,1,Salaried,329,High,Rejected
92025,89899,36,2,Salaried,358,High,Rejected
24152,946,10,2,SelfEmployed,333,High,Rejected
29501,49669,31,3,SelfEmployed,300,High,Rejected
69210,74706,12,5,Salaried,300,High,Rejected
45452,29189,57,0,Salaried,400,High,Rejected
58824,48752,39,4,Salaried,300,High,Rejected
51277,5110,25,3,Salaried,400,High,Rejected
96834,61135,57,5,SelfEmployed,367,High,Rejected
66156,23646,53,3,SelfEmployed,408,High,Rejected
29493,30789,20,3,Salaried,300,High,Rejected
50097,45157,17,6,Salaried,300,High,Rejected
41770,34303,20,3,Salaried,300,High,Rejected
88552,2122,51,2,SelfEmployed,588,High,Rejected
55967,10865,48,4,SelfEmployed,373,High,Rejected
70062,60861,24,2,SelfEmployed,351,High,Rejected
47070,83006,54,1,Salaried,300,High,Rejected
56716,53533,21,1,Salaried,348,High,Rejected
21389,2449,68,6,SelfEmployed,300,High,Rejected
77949,70867,35,3,Salaried,324,High,Rejected
97323,29542,28,5,SelfEmployed,457,High,Rejected
26253,21132,19,6,SelfEmployed,300,High,Rejected
89173,56435,14,0,Salaried,499,High,Rejected
59832,24389,25,2,SelfEmployed,411,High,Rejected
89897,49566,36,3,SelfEmployed,431,High,Rejected
91540,68591,62,0,SelfEmployed,475,High,Rejected
84145,13818,10,1,SelfEmployed,568,High,Rejected
63248,51251,63,2,SelfEmployed,350,High,Rejected
70572,66702,45,1,SelfEmployed,367,High,Rejected
53782,15563,50,4,Salaried,351,High,Rejected
87303,5867,24,0,Salaried,632,Medium,Approved
85266,8371,25,2,SelfEmployed,557,High,Rejected
60430,12150,56,5,SelfEmployed,357,High,Rejected
42647,36228,56,3,Salaried,300,High,Rejected
84474,41692,43,0,SelfEmployed,522,High,Rejected
74764,64731,68,4,Salaried,300,High,Rejected
90851,75784,27,5,Salaried,302,High,Rejected
38954,11477,53,2,Salaried,363,High,Rejected
28306,58737,11,4,Salaried,300,High,Rejected
63926,28117,60,6,SelfEmployed,300,High,Rejected
53425,89131,41,5,SelfEmployed,300,High,Rejected
51042,17445,49,1,Salaried,425,High,Rejected
55767,43222,21,1,Salaried,373,High,Rejected
75157,33171,28,1,SelfEmployed,478,High,Rejected
62140,5584,29,5,Salaried,383,High,Rejected
33171,24678,55,6,SelfEmployed,300,High,Rejected
53765,73152,48,6,SelfEmployed,300,High,Rejected
78361,45789,48,4,SelfEmployed,366,High,Rejected
79351,9524,42,4,SelfEmployed,470,High,Rejected
83649,40799,23,2,Salaried,461,High,Rejected
95763,51142,63,2,SelfEmployed,480,High,Rejected
76448,35460,53,0,SelfEmployed,507,High,Rejected
83634,35313,55,6,Salaried,356,High,Rejected
31698,54443,60,6,SelfEmployed,300,High,Rejected
46962,84272,70,5,Salaried,300,High,Rejected
79007,67317,54,6,Salaried,300,High,Rejected
68070,18272,35,5,Salaried,371,High,Rejected
51056,27945,60,5,Salaried,300,High,Rejected
27554,52202,43,5,Salaried,300,High,Rejected
47690,57815,34,0,SelfEmployed,330,High,Rejected
45411,75379,68,3,SelfEmployed,300,High,Rejected
35218,87400,65,4,SelfEmployed,300,High,Rejected
43744,77022,64,3,Salaried,300,High,Rejected
75776,18443,21,3,Salaried,461,High,Rejected
23332,73638,41,2,SelfEmployed,300,High,Rejected
34915,8490,32,5,SelfEmployed,300,High,Rejected
75468,39800,16,6,Salaried,311,High,Rejected
96231,7591,38,4,Salaried,543,High,Rejected
61355,57296,18,4,Salaried,300,High,Rejected
22943,20180,61,0,Salaried,335,High,Rejected
86626,27147,17,4,Salaried,451,High,Rejected
37336,75157,69,6,Salaried,300,High,Rejected
42691,52203,20,2,SelfEmployed,300,High,Rejected
21150,47508,26,1,Salaried,300,High,Rejected
42021,7023,37,1,Salaried,418,High,Rejected
23173,74629,38,5,Salaried,300,High,Rejected
79956,81237,30,4,SelfEmployed,300,High,Rejected
67956,28353,58,5,SelfEmployed,343,High,Rejected
63751,64114,25,4,Salaried,300,High,Rejected
45330,49737,57,3,Salaried,300,High,Rejected
51749,74953,26,3,SelfEmployed,300,High,Rejected
85670,7583,16,2,SelfEmployed,561,High,Rejected
49226,110,60,3,Salaried,406,High,Rejected
22011,58463,11,3,SelfEmployed,300,High,Rejected
86998,80325,49,5,Salaried,300,High,Rejected
86292,40218,37,0,SelfEmployed,533,High,Rejected
74980,29496,38,0,Salaried,517,High,Rejected
74660,60099,40,1,SelfEmployed,401,High,Rejected
29911,66549,69,1,SelfEmployed,300,High,Rejected
43778,52098,69,5,Salaried,300,High,Rejected
69724,21710,15,1,Salaried,488,High,Rejected
51030,22860,43,4,Salaried,320,High,Rejected
35677,81383,10,2,SelfEmployed,300,High,Rejected
63537,16376,43,2,Salaried,448,High,Rejected
86930,67316,61,0,SelfEmployed,460,High,Rejected
56943,31402,19,4,Salaried,320,High,Rejected
77526,42462,38,5,Salaried,342,High,Rejected
59460,3836,22,5,Salaried,377,High,Rejected
43913,65837,56,3,Salaried,300,High,Rejected
76024,47902,33,3,SelfEmployed,381,High,Rejected
82521,39159,30,6,SelfEmployed,341,High,Rejected
65389,1920,44,2,Salaried,496,High,Rejected
77340,15555,51,1,Salaried,536,High,Rejected
60864,18863,26,5,Salaried,341,High,Rejected
86335,81449,15,5,Salaried,300,High,Rejected
32151,62015,10,3,SelfEmployed,300,High,Rejected
26507,74915,39,5,SelfEmployed,300,High,Rejected
67180,45135,68,0,SelfEmployed,443,High,Rejected
76867,12922,18,1,SelfEmployed,541,High,Rejected
63359,43991,28,6,SelfEmployed,300,High,Rejected
82018,51376,53,3,SelfEmployed,395,High,Rejected
99268,67986,58,0,SelfEmployed,508,High,Rejected
39948,31267,19,1,Salaried,342,High,Rejected
22350,31249,51,4,SelfEmployed,300,High,Rejected
43624,81779,46,0,SelfEmployed,300,High,Rejected
57718,80910,44,3,Salaried,300,High,Rejected
35265,66144,60,4,SelfEmployed,300,High,Rejected
65219,67992,16,3,SelfEmployed,300,High,Rejected
25257,39727,58,5,SelfEmployed,300,High,Rejected
52924,72718,15,1,Salaried,300,High,Rejected
34259,34528,34,5,SelfEmployed,300,High,Rejected
20893,38008,56,6,SelfEmployed,300,High,Rejected
71916,59421,50,5,SelfEmployed,300,High,Rejected
97672,76740,25,2,Salaried,417,High,Rejected
56045,78679,59,6,Salaried,300,High,Rejected
81939,57724,20,6,Salaried,300,High,Rejected
84410,43633,54,6,SelfEmployed,336,High,Rejected
73579,63876,32,5,Salaried,300,High,Rejected
46332,89390,49,5,Salaried,300,High,Rejected
80157,70448,51,4,Salaried,304,High,Rejected
28281,969,23,5,SelfEmployed,300,High,Rejected
90875,51016,38,6,Salaried,341,High,Rejected
81640,5489,33,2,SelfEmployed,551,High,Rejected
52335,63222,26,6,SelfEmployed,300,High,Rejected
27194,22214,52,2,SelfEmployed,300,High,Rejected
59607,30718,29,6,SelfEmployed,300,High,Rejected
99777,10357,62,6,SelfEmployed,490,High,Rejected
30399,79992,34,2,Salaried,300,High,Rejected
61947,12198,47,4,Salaried,393,High,Rejected
42220,19080,34,6,SelfEmployed,300,High,Rejected
38066,85578,51,2,SelfEmployed,300,High,Rejected
77889,7412,42,3,Salaried,500,High,Rejected
44503,47618,70,4,Salaried,300,High,Rejected
35068,21542,16,2,SelfEmployed,320,High,Rejected
69275,39351,24,0,Salaried,467,High,Rejected
95494,20230,49,4,SelfEmployed,505,High,Rejected
31165,67968,70,5,SelfEmployed,300,High,Rejected
63795,79193,67,2,SelfEmployed,300,High,Rejected
64802,38659,33,6,SelfEmployed,300,High,Rejected
20571,9739,47,3,SelfEmployed,300,High,Rejected
43142,28942,25,3,SelfEmployed,302,High,Rejected
89789,28274,42,0,Salaried,580,High,Rejected
78525,89473,48,6,SelfEmployed,300,High,Rejected
35628,60792,47,3,SelfEmployed,300,High,Rejected
39194,12126,42,5,Salaried,300,High,Rejected
22231,74820,67,1,Salaried,300,High,Rejected
74355,56548,27,5,Salaried,300,High,Rejected
24020,74153,36,1,SelfEmployed,300,High,Rejected
59470,23926,42,4,Salaried,351,High,Rejected
99669,71569,61,2,Salaried,439,High,Rejected
58860,87322,34,4,SelfEmployed,300,High,Rejected
99708,41042,68,0,Salaried,584,High,Rejected
80771,81414,52,3,SelfEmployed,306,High,Rejected
51444,8021,38,2,SelfEmployed,423,High,Rejected
56507,36499,18,5,Salaried,300,High,Rejected
49429,89110,10,0,Salaried,300,High,Rejected
21215,55476,26,4,SelfEmployed,300,High,Rejected
63654,4724,67,3,Salaried,451,High,Rejected
61607,32016,30,3,SelfEmployed,367,High,Rejected
41553,73766,43,0,Salaried,300,High,Rejected
29399,39049,18,2,SelfEmployed,300,High,Rejected
50549,26803,32,6,Salaried,300,High,Rejected
61310,77473,36,0,SelfEmployed,330,High,Rejected
77098,72390,55,0,SelfEmployed,407,High,Rejected
90691,12561,39,4,SelfEmployed,507,High,Rejected
99134,38022,37,5,Salaried,440,High,Rejected
21715,7142,59,2,SelfEmployed,307,High,Rejected
61472,7839,21,3,Salaried,434,High,Rejected
50862,42466,41,6,SelfEmployed,300,High,Rejected
55057,48737,32,2,Salaried,324,High,Rejected
72629,45940,22,2,SelfEmployed,402,High,Rejected
84158,48988,25,1,Salaried,470,High,Rejected
63530,63103,56,6,SelfEmployed,300,High,Rejected
94042,39039,61,4,Salaried,447,High,Rejected
91035,38237,17,2,Salaried,497,High,Rejected
65150,54794,33,2,Salaried,348,High,Rejected
97855,46782,33,6,SelfEmployed,381,High,Rejected
57213,49969,16,5,SelfEmployed,300,High,Rejected
69672,50876,25,3,Salaried,347,High,Rejected
63624,9650,45,4,Salaried,407,High,Rejected
42762,36787,41,4,Salaried,300,High,Rejected
50326,28016,66,4,Salaried,303,High,Rejected
74642,3277,10,4,SelfEmployed,469,High,Rejected
98647,20109,28,1,Salaried,608,Medium,Approved
72418,83275,10,5,SelfEmployed,300,High,Rejected
56041,76590,42,2,Salaried,300,High,Rejected
43060,64088,60,3,Salaried,300,High,Rejected
86799,7208,62,0,SelfEmployed,627,Medium,Approved
85755,9851,54,6,SelfEmployed,435,High,Rejected
30229,74788,50,6,SelfEmployed,300,High,Rejected
77298,41246,44,2,Salaried,434,High,Rejected
80283,84283,41,4,SelfEmployed,300,High,Rejected
25302,32647,50,1,SelfEmployed,300,High,Rejected
63442,63097,55,1,Salaried,348,High,Rejected
87946,28397,10,2,Salaried,512,High,Rejected
24007,84777,51,4,SelfEmployed,300,High,Rejected
51409,81157,12,3,SelfEmployed,300,High,Rejected
83641,18313,14,5,Salaried,433,High,Rejected
52507,49224,41,6,SelfEmployed,300,High,Rejected
79667,5970,47,1,Salaried,572,High,Rejected
81840,6975,63,6,SelfEmployed,427,High,Rejected
43969,9075,42,1,SelfEmployed,420,High,Rejected
51215,33499,62,5,Salaried,300,High,Rejected
23784,43010,37,4,Salaried,300,High,Rejected
33558,6634,12,0,SelfEmployed,415,High,Rejected
96724,79418,65,0,Salaried,466,High,Rejected
24557,50492,19,2,Salaried,300,High,Rejected
60852,49256,26,3,Salaried,316,High,Rejected
93930,22696,12,1,SelfEmployed,582,High,Rejected
22821,52098,59,0,Salaried,300,High,Rejected
25133,62680,29,3,SelfEmployed,300,High,Rejected
88843,83516,32,0,Salaried,423,High,Rejected
94380,65431,49,3,Salaried,405,High,Rejected
86431,30358,59,3,Salaried,471,High,Rejected
97113,23506,53,5,Salaried,473,High,Rejected
49596,58310,62,2,Salaried,300,High,Rejected
49677,25173,11,0,Salaried,428,High,Rejected
76636,76624,29,5,Salaried,300,High,Rejected
29803,72339,70,0,Salaried,300,High,Rejected
57263,70803,56,1,Salaried,302,High,Rejected
81566,63050,67,3,Salaried,361,High,Rejected
49598,35242,52,2,SelfEmployed,340,High,Rejected
40125,68653,69,2,Salaried,300,High,Rejected
80526,20724,41,3,Salaried,474,High,Rejected
65450,32104,29,6,Salaried,300,High,Rejected
35690,34566,25,1,SelfEmployed,316,High,Rejected
97858,11294,24,0,SelfEmployed,660,Medium,Approved
21121,71049,16,0,SelfEmployed,300,High,Rejected
21763,14610,17,0,Salaried,346,High,Rejected
60381,38757,24,6,Salaried,300,High,Rejected
33942,45790,52,3,SelfEmployed,300,High,Rejected
86815,1191,48,5,SelfEmployed,493,High,Rejected
53025,18458,55,3,SelfEmployed,370,High,Rejected
28076,30647,63,6,SelfEmployed,300,High,Rejected
70400,33331,55,1,SelfEmployed,459,High,Rejected
21841,37656,36,2,SelfEmployed,300,High,Rejected
57603,54698,35,1,SelfEmployed,348,High,Rejected
24105,37865,15,4,Salaried,300,High,Rejected
79032,46483,21,0,Salaried,487,High,Rejected
79629,5318,56,5,SelfEmployed,453,High,Rejected
76495,22981,41,0,Salaried,542,High,Rejected
34208,59636,38,3,Salaried,300,High,Rejected
32892,19167,33,5,Salaried,300,High,Rejected
71521,71813,59,2,SelfEmployed,326,High,Rejected
28393,37245,49,6,SelfEmployed,300,High,Rejected
23504,42391,64,6,Salaried,300,High,Rejected
38869,67204,15,2,SelfEmployed,300,High,Rejected
33756,18690,54,4,SelfEmployed,300,High,Rejected
35885,43165,26,1,SelfEmployed,300,High,Rejected
77452,71477,53,1,SelfEmployed,381,High,Rejected
29341,67339,67,3,Salaried,300,High,Rejected
70330,77923,58,6,Salaried,300,High,Rejected
32693,38847,54,0,Salaried,322,High,Rejected
95389,22537,33,4,SelfEmployed,498,High,Rejected
67303,65428,22,1,SelfEmployed,357,High,Rejected
83979,77088,36,4,Salaried,301,High,Rejected
49718,24868,60,2,Salaried,369,High,Rejected
81374,70683,25,4,SelfEmployed,309,High,Rejected
73223,84785,42,3,Salaried,300,High,Rejected
38685,60877,15,1,SelfEmployed,300,High,Rejected
49770,1402,34,4,SelfEmployed,375,High,Rejected
90406,49054,47,1,Salaried,495,High,Rejected
96040,73065,56,3,Salaried,391,High,Rejected
42288,84192,51,1,SelfEmployed,300,High,Rejected
29772,39047,38,3,SelfEmployed,300,High,Rejected
66989,70501,22,4,Salaried,300,High,Rejected
42834,40364,48,6,Salaried,300,High,Rejected
56719,61674,19,4,Salaried,300,High,Rejected
35546,69552,39,6,SelfEmployed,300,High,Rejected
74072,13295,53,3,Salaried,469,High,Rejected
42003,23122,40,6,SelfEmployed,300,High,Rejected
58905,67125,23,6,SelfEmployed,300,High,Rejected
55986,52487,52,5,Salaried,300,High,Rejected
58079,27754,33,2,Salaried,395,High,Rejected
48491,30093,39,5,Salaried,300,High,Rejected
36412,78232,44,4,Salaried,300,High,Rejected
30833,78705,61,5,Salaried,300,High,Rejected
45062,81123,44,5,SelfEmployed,300,High,Rejected
99691,44407,19,0,Salaried,575,High,Rejected
65438,43547,20,5,SelfEmployed,300,High,Rejected
21129,74762,56,1,Salaried,300,High,Rejected
46797,40626,68,4,SelfEmployed,300,High,Rejected
79514,59241,48,0,Salaried,453,High,Rejected
49835,33448,53,3,SelfEmployed,316,High,Rejected
81491,1597,20,1,Salaried,591,High,Rejected
53723,36859,13,3,Salaried,322,High,Rejected
30986,32256,31,6,SelfEmployed,300,High,Rejected
31101,78368,68,4,Salaried,300,High,Rejected
99748,32063,14,1,Salaried,579,High,Rejected
58347,36060,23,6,Salaried,300,High,Rejected
77933,72509,33,2,Salaried,350,High,Rejected
59655,72566,21,4,SelfEmployed,300,High,Rejected
85598,4014,31,4,Salaried,511,High,Rejected
76965,52183,66,4,SelfEmployed,342,High,Rejected
91877,48890,24,6,Salaried,351,High,Rejected
26138,81105,19,4,SelfEmployed,300,High,Rejected
46986,52240,49,2,SelfEmployed,300,High,Rejected
99471,58398,22,5,Salaried,385,High,Rejected
80231,14407,31,4,SelfEmployed,460,High,Rejected
91322,24874,36,1,SelfEmployed,566,High,Rejected
28389,67763,35,2,SelfEmployed,300,High,Rejected
30525,84343,13,2,SelfEmployed,300,High,Rejected
83927,21741,42,1,SelfEmployed,545,High,Rejected
92194,3852,15,0,SelfEmployed,658,Medium,Approved
86409,14543,38,3,Salaried,515,High,Rejected
79544,85601,34,6,Salaried,300,High,Rejected
43459,38855,14,3,Salaried,300,High,Rejected
82705,62481,32,2,Salaried,397,High,Rejected
21506,29184,45,1,SelfEmployed,300,High,Rejected
53797,8959,57,6,SelfEmployed,310,High,Rejected
90912,83043,30,3,SelfEmployed,342,High,Rejected
92280,12239,41,3,SelfEmployed,545,High,Rejected
37116,9622,11,2,Salaried,361,High,Rejected
38004,31162,31,6,SelfEmployed,300,High,Rejected
70993,45020,46,1,Salaried,428,High,Rejected
80079,22646,58,2,SelfEmployed,497,High,Rejected
75942,86720,35,4,Salaried,300,High,Rejected
63562,61369,43,0,Salaried,383,High,Rejected
34271,29256,11,4,SelfEmployed,300,High,Rejected
73363,80365,30,0,Salaried,370,High,Rejected
79710,78003,70,5,Salaried,300,High,Rejected
23062,72609,15,1,Salaried,300,High,Rejected
49688,11671,60,4,SelfEmployed,346,High,Rejected
46038,11314,25,3,SelfEmployed,362,High,Rejected
96442,70907,23,0,SelfEmployed,488,High,Rejected
95657,3042,41,3,Salaried,584,High,Rejected
22559,58907,14,5,SelfEmployed,300,High,Rejected
88203,56881,34,4,Salaried,374,High,Rejected
49121,73459,21,4,Salaried,300,High,Rejected
46872,69447,59,2,Salaried,300,High,Rejected
40553,66526,14,1,SelfEmployed,300,High,Rejected
66760,32887,45,5,Salaried,325,High,Rejected
51881,52809,21,5,SelfEmployed,300,High,Rejected
25663,28883,35,1,Salaried,300,High,Rejected
34119,67423,65,0,Salaried,300,High,Rejected
55543,53076,33,2,Salaried,314,High,Rejected
36700,22169,36,4,Salaried,300,High,Rejected
58391,83077,42,3,SelfEmployed,300,High,Rejected
59290,20399,32,0,SelfEmployed,480,High,Rejected
43898,39828,58,5,Salaried,300,High,Rejected
65477,80484,36,6,Salaried,300,High,Rejected
72546,85768,31,4,SelfEmployed,300,High,Rejected
71646,5932,30,4,SelfEmployed,450,High,Rejected
97933,6243,23,4,Salaried,554,High,Rejected
82652,82458,55,2,SelfEmployed,341,High,Rejected
80903,35321,33,2,Salaried,465,High,Rejected
99568,32902,61,4,Salaried,486,High,Rejected
65649,61038,64,3,Salaried,303,High,Rejected
33679,73170,44,4,Salaried,300,High,Rejected
50202,60991,53,4,Salaried,300,High,Rejected
99313,41530,51,1,SelfEmployed,551,High,Rejected
37431,60727,61,6,Salaried,300,High,Rejected
87973,29232,10,1,Salaried,540,High,Rejected
48041,47786,28,4,Salaried,300,High,Rejected
65750,3126,35,5,Salaried,404,High,Rejected
26414,20204,32,0,Salaried,349,High,Rejected
42074,32003,42,4,SelfEmployed,300,High,Rejected
59018,49750,58,3,Salaried,307,High,Rejected
28807,83123,25,1,SelfEmployed,300,High,Rejected
30149,82306,27,5,SelfEmployed,300,High,Rejected
23173,51131,60,5,Salaried,300,High,Rejected
81459,86488,65,6,SelfEmployed,300,High,Rejected
89139,81181,13,4,SelfEmployed,311,High,Rejected
49059,9091,38,2,SelfEmployed,410,High,Rejected
38141,80988,51,6,Salaried,300,High,Rejected
81806,64632,32,6,Salaried,300,High,Rejected
94837,78523,64,5,SelfEmployed,311,High,Rejected
31695,61848,50,1,SelfEmployed,300,High,Rejected
85718,47913,52,3,SelfEmployed,419,High,Rejected
94149,12593,40,1,Salaried,611,Medium,Approved
24156,47458,50,2,SelfEmployed,300,High,Rejected
58649,65228,32,5,SelfEmployed,300,High,Rejected
53683,2411,60,1,SelfEmployed,478,High,Rejected
70591,42386,51,1,SelfEmployed,434,High,Rejected
60948,7757,54,1,SelfEmployed,492,High,Rejected
23523,52273,43,0,SelfEmployed,300,High,Rejected
96575,63682,41,1,SelfEmployed,479,High,Rejected
93044,16920,69,0,SelfEmployed,625,Medium,Approved
56342,56082,47,2,SelfEmployed,309,High,Rejected
91869,47560,58,3,Salaried,445,High,Rejected
32965,1976,54,6,Salaried,300,High,Rejected
96960,43519,70,2,SelfEmployed,506,High,Rejected
71178,57764,70,0,SelfEmployed,424,High,Rejected
55850,53104,46,6,SelfEmployed,300,High,Rejected
50923,56863,69,3,Salaried,300,High,Rejected
81010,62453,61,6,Salaried,300,High,Rejected
63399,71568,27,4,SelfEmployed,300,High,Rejected
65226,39255,38,4,SelfEmployed,331,High,Rejected
47853,42442,54,0,Salaried,373,High,Rejected
33142,19325,42,6,SelfEmployed,300,High,Rejected
48141,29272,61,5,SelfEmployed,300,High,Rejected
85748,61272,63,2,Salaried,412,High,Rejected
40468,71278,70,3,SelfEmployed,300,High,Rejected
92628,54350,67,2,SelfEmployed,459,High,Rejected
77294,2797,46,3,SelfEmployed,511,High,Rejected
21789,29440,41,6,Salaried,300,High,Rejected
27666,9728,40,3,SelfEmployed,300,High,Rejected
48113,16038,48,5,SelfEmployed,300,High,Rejected
68123,79324,39,4,Salaried,300,High,Rejected
55440,56460,47,6,Salaried,300,High,Rejected
30675,79712,45,3,SelfEmployed,300,High,Rejected
53678,74325,68,0,Salaried,308,High,Rejected
84076,52906,11,1,Salaried,459,High,Rejected
49951,5863,68,3,SelfEmployed,393,High,Rejected
71308,6901,25,4,SelfEmployed,446,High,Rejected
95402,7472,37,5,SelfEmployed,510,High,Rejected
55427,24884,12,2,SelfEmployed,392,High,Rejected
65677,30219,23,0,Salaried,478,High,Rejected
42531,7955,36,6,Salaried,300,High,Rejected
63604,815,21,3,SelfEmployed,462,High,Rejected
48089,81423,44,0,Salaried,300,High,Rejected
73609,31175,17,1,Salaried,477,High,Rejected
21468,41827,58,5,SelfEmployed,300,High,Rejected
29375,88427,26,5,SelfEmployed,300,High,Rejected
90394,20725,26,4,Salaried,484,High,Rejected
39270,18343,32,6,Salaried,300,High,Rejected
47651,48600,54,5,SelfEmployed,300,High,Rejected
41274,82975,51,5,SelfEmployed,300,High,Rejected
95334,31171,10,6,SelfEmployed,414,High,Rejected
32173,37837,42,6,SelfEmployed,300,High,Rejected
90530,4159,48,6,Salaried,470,High,Rejected
93509,40634,46,0,SelfEmployed,561,High,Rejected
54399,72713,19,5,SelfEmployed,300,High,Rejected
74495,72112,70,3,Salaried,307,High,Rejected
93429,66346,45,1,Salaried,459,High,Rejected
87156,59802,62,5,SelfEmployed,332,High,Rejected
85385,21527,10,0,SelfEmployed,581,High,Rejected
77430,66330,68,6,Salaried,300,High,Rejected
91113,57208,46,0,Salaried,505,High,Rejected
83529,18987,15,1,SelfEmployed,551,High,Rejected
75334,28787,49,3,SelfEmployed,431,High,Rejected
21901,66101,60,6,SelfEmployed,300,High,Rejected
32468,51946,59,1,SelfEmployed,300,High,Rejected
48437,78383,54,5,Salaried,300,High,Rejected
98987,80099,43,0,Salaried,473,High,Rejected
76702,84830,60,0,SelfEmployed,371,High,Rejected
95029,87661,45,0,Salaried,436,High,Rejected
54976,38566,16,1,Salaried,382,High,Rejected
73236,58291,29,4,Salaried,311,High,Rejected
59466,32012,11,2,SelfEmployed,388,High,Rejected
89980,48303,35,5,SelfEmployed,375,High,Rejected
29391,2646,23,5,SelfEmployed,300,High,Rejected
35685,88745,39,5,SelfEmployed,300,High,Rejected
82438,7895,57,0,SelfEmployed,607,Medium,Approved
48268,69143,13,0,Salaried,301,High,Rejected
87004,53780,35,3,Salaried,408,High,Rejected
52323,37103,69,0,Salaried,406,High,Rejected
49689,41558,36,0,SelfEmployed,383,High,Rejected
83894,51348,18,6,Salaried,312,High,Rejected
64571,56495,14,0,SelfEmployed,401,High,Rejected
81034,65155,54,3,Salaried,353,High,Rejected
23366,64321,15,6,Salaried,300,High,Rejected
48003,8047,48,5,Salaried,319,High,Rejected
83067,2430,57,6,SelfEmployed,445,High,Rejected
43607,57696,25,6,Salaried,300,High,Rejected
59312,54445,70,4,Salaried,300,High,Rejected
38002,822,37,6,SelfEmployed,300,High,Rejected
92826,51308,10,3,Salaried,438,High,Rejected
50657,40779,35,2,SelfEmployed,329,High,Rejected
94373,58118,23,0,Salaried,516,High,Rejected
23618,56690,33,4,SelfEmployed,300,High,Rejected
57918,63380,55,2,Salaried,300,High,Rejected
20089,70052,20,1,SelfEmployed,300,High,Rejected
91921,17270,59,2,Salaried,559,High,Rejected
36753,77314,56,0,SelfEmployed,300,High,Rejected
53271,49563,16,1,Salaried,345,High,Rejected
96417,74015,21,2,Salaried,420,High,Rejected
33764,18309,11,0,Salaried,384,High,Rejected
49769,31697,64,4,SelfEmployed,300,High,Rejected
40039,62148,25,0,SelfEmployed,300,High,Rejected
26114,12399,69,5,SelfEmployed,300,High,Rejected
55070,79215,36,4,Salaried,300,High,Rejected
54178,21842,10,5,Salaried,306,High,Rejected
33238,50310,67,0,SelfEmployed,300,High,Rejected
97137,24336,65,0,Salaried,620,Medium,Approved
68775,39024,13,5,Salaried,316,High,Rejected
99296,70513,43,1,SelfEmployed,471,High,Rejected
39687,57853,30,6,SelfEmployed,300,High,Rejected
51913,10013,29,3,SelfEmployed,389,High,Rejected
73545,77266,58,0,Salaried,379,High,Rejected
95700,59132,39,5,Salaried,368,High,Rejected
85889,30805,68,1,Salaried,527,High,Rejected
71348,5395,20,3,SelfEmployed,480,High,Rejected
61520,34750,29,4,Salaried,329,High,Rejected
53991,85985,60,4,SelfEmployed,300,High,Rejected
87007,60360,32,5,Salaried,330,High,Rejected
82202,9897,22,6,Salaried,421,High,Rejected
97755,76706,68,0,Salaried,477,High,Rejected
49389,16467,45,6,Salaried,300,High,Rejected
67558,6622,37,4,SelfEmployed,431,High,Rejected
96348,13027,45,0,Salaried,649,Medium,Approved
80124,35298,55,0,SelfEmployed,522,High,Rejected
32822,2334,24,4,SelfEmployed,304,High,Rejected
96672,53162,41,2,SelfEmployed,479,High,Rejected
87512,77927,13,6,SelfEmployed,300,High,Rejected
59037,16814,11,2,SelfEmployed,429,High,Rejected
77882,71432,67,2,Salaried,353,High,Rejected
43135,46463,53,6,Salaried,300,High,Rejected
63476,69141,51,6,Salaried,300,High,Rejected
28690,12597,39,3,Salaried,300,High,Rejected
75617,89020,44,4,SelfEmployed,300,High,Rejected
83588,64613,43,3,SelfEmployed,364,High,Rejected
93177,57633,23,4,SelfEmployed,392,High,Rejected
26911,7602,33,5,Salaried,300,High,Rejected
65638,46470,15,3,SelfEmployed,343,High,Rejected
30867,36462,18,5,SelfEmployed,300,High,Rejected
40738,4739,37,0,Salaried,449,High,Rejected
41862,14108,68,0,SelfEmployed,428,High,Rejected
28298,83023,33,0,Salaried,300,High,Rejected
54848,38773,15,1,SelfEmployed,381,High,Rejected
41807,50016,10,6,SelfEmployed,300,High,Rejected
34479,1951,34,2,SelfEmployed,372,High,Rejected
41710,31658,35,6,Salaried,300,High,Rejected
92957,5717,55,0,SelfEmployed,655,Medium,Approved
81015,52269,42,4,SelfEmployed,358,High,Rejected
70674,81667,62,5,Salaried,300,High,Rejected
86548,48657,24,2,Salaried,451,High,Rejected
83654,64847,37,1,SelfEmployed,424,High,Rejected
35661,7097,66,1,Salaried,392,High,Rejected
33000,31854,31,5,Salaried,300,High,Rejected
48363,58596,40,2,SelfEmployed,300,High,Rejected
80953,54440,61,6,Salaried,300,High,Rejected
49566,71774,12,2,Salaried,300,High,Rejected
70981,66854,66,2,Salaried,338,High,Rejected
32342,45811,64,1,SelfEmployed,300,High,Rejected
42399,69343,55,4,SelfEmployed,300,High,Rejected
80856,80024,12,5,Salaried,300,High,Rejected
29757,73450,29,6,SelfEmployed,300,High,Rejected
99519,23355,67,4,SelfEmployed,513,High,Rejected
23107,51553,30,6,Salaried,300,High,Rejected
55289,21111,56,1,Salaried,432,High,Rejected
55550,69165,68,5,Salaried,300,High,Rejected
75925,7712,48,2,SelfEmployed,522,High,Rejected
57994,28077,40,1,SelfEmployed,423,High,Rejected
27992,46320,54,6,Salaried,300,High,Rejected
55912,76996,46,5,Salaried,300,High,Rejected
39793,35955,69,0,SelfEmployed,359,High,Rejected
96932,55773,50,3,SelfEmployed,442,High,Rejected
55184,53002,46,6,Salaried,300,High,Rejected
26162,55905,42,0,SelfEmployed,300,High,Rejected
49207,29741,24,6,SelfEmployed,300,High,Rejected
65623,18904,12,4,Salaried,389,High,Rejected
24236,83892,34,1,Salaried,300,High,Rejected
53670,44341,61,2,SelfEmployed,331,High,Rejected
89591,8383,24,0,SelfEmployed,635,Medium,Approved
28412,86340,37,6,SelfEmployed,300,High,Rejected
89489,39917,51,0,SelfEmployed,547,High,Rejected
46106,4287,49,6,Salaried,300,High,Rejected
63546,60657,30,6,Salaried,300,High,Rejected
90086,11699,64,2,SelfEmployed,567,High,Rejected
95702,42935,14,0,Salaried,563,High,Rejected
80406,75601,41,4,SelfEmployed,300,High,Rejected
59739,72009,19,1,Salaried,308,High,Rejected
40015,15118,52,0,SelfEmployed,418,High,Rejected
35703,87894,51,0,SelfEmployed,300,High,Rejected
34001,62385,20,4,Salaried,300,High,Rejected
73188,65218,58,3,Salaried,321,High,Rejected
27519,3724,25,3,Salaried,309,High,Rejected
28329,59384,37,2,SelfEmployed,300,High,Rejected
50061,81965,18,3,SelfEmployed,300,High,Rejected
85656,86435,45,2,Salaried,342,High,Rejected
33705,72218,29,5,SelfEmployed,300,High,Rejected
78673,6285,32,3,SelfEmployed,507,High,Rejected
62548,79854,33,6,Salaried,300,High,Rejected
91352,74602,62,3,SelfEmployed,368,High,Rejected
29907,15732,30,5,SelfEmployed,300,High,Rejected
49748,39524,26,4,SelfEmployed,300,High,Rejected
30770,18781,39,2,SelfEmployed,310,High,Rejected
66881,27619,56,1,Salaried,460,High,Rejected
39990,60518,54,0,Salaried,300,High,Rejected
36706,18383,32,4,SelfEmployed,300,High,Rejected
24969,33979,57,5,Salaried,300,High,Rejected
87013,22413,69,4,SelfEmployed,465,High,Rejected
31671,79185,22,3,SelfEmployed,300,High,Rejected
60836,87517,12,1,Salaried,300,High,Rejected
57222,64019,11,3,Salaried,300,High,Rejected
23253,20319,56,6,Salaried,300,High,Rejected
71610,40202,45,5,SelfEmployed,324,High,Rejected
53965,16442,45,2,SelfEmployed,410,High,Rejected
48811,49859,61,6,SelfEmployed,300,High,Rejected
41735,3436,32,5,Salaried,307,High,Rejected
75225,68275,70,3,Salaried,321,High,Rejected
44298,6714,41,4,Salaried,338,High,Rejected
98497,62382,39,0,Salaried,520,High,Rejected
26148,40880,16,6,SelfEmployed,300,High,Rejected
59946,35580,26,3,Salaried,350,High,Rejected
49739,47335,31,5,Salaried,300,High,Rejected
46555,46377,16,3,Salaried,300,High,Rejected
76496,53324,31,1,SelfEmployed,427,High,Rejected
55360,69051,41,6,SelfEmployed,300,High,Rejected
80262,78250,33,4,SelfEmployed,300,High,Rejected
33923,81970,59,4,SelfEmployed,300,High,Rejected
89714,57833,69,5,SelfEmployed,348,High,Rejected
93988,21652,47,0,Salaried,615,Medium,Approved
58687,43622,13,0,SelfEmployed,413,High,Rejected
58472,26752,17,6,SelfEmployed,300,High,Rejected
41764,61378,67,6,SelfEmployed,300,High,Rejected
47344,80398,67,4,SelfEmployed,300,High,Rejected
47144,7872,16,5,SelfEmployed,316,High,Rejected
31448,86489,31,4,SelfEmployed,300,High,Rejected
87107,20689,66,5,Salaried,440,High,Rejected
31773,24408,62,5,Salaried,300,High,Rejected
48187,28890,69,0,Salaried,412,High,Rejected
75452,74568,19,4,Salaried,300,High,Rejected
82893,14332,40,1,SelfEmployed,561,High,Rejected
34555,33259,49,5,Salaried,300,High,Rejected
34006,87394,29,5,Salaried,300,High,Rejected
41424,46493,43,5,Salaried,300,High,Rejected
49822,46359,57,2,SelfEmployed,310,High,Rejected
89051,39344,26,1,Salaried,516,High,Rejected
86203,89645,49,5,Salaried,300,High,Rejected
48293,28396,32,4,SelfEmployed,300,High,Rejected
34515,24207,37,2,SelfEmployed,310,High,Rejected
46509,78679,23,6,Salaried,300,High,Rejected
66593,31371,52,2,Salaried,419,High,Rejected
73462,17457,33,6,Salaried,365,High,Rejected
60431,63839,16,5,Salaried,300,High,Rejected
30129,44095,13,4,Salaried,300,High,Rejected
86260,70461,20,5,SelfEmployed,300,High,Rejected
71206,79040,51,5,Salaried,300,High,Rejected
82816,38663,10,1,Salaried,493,High,Rejected
24814,15661,63,5,SelfEmployed,300,High,Rejected
49389,59419,23,6,SelfEmployed,300,High,Rejected
42497,64996,53,5,SelfEmployed,300,High,Rejected
89888,38341,64,5,Salaried,403,High,Rejected
37811,41805,53,0,SelfEmployed,335,High,Rejected
26540,59392,25,3,Salaried,300,High,Rejected
64689,5705,45,5,Salaried,392,High,Rejected
93672,43633,61,4,SelfEmployed,433,High,Rejected
23510,9772,53,1,Salaried,336,High,Rejected
65356,87819,48,2,SelfEmployed,300,High,Rejected
61067,84406,50,4,SelfEmployed,300,High,Rejected
65715,80647,67,3,SelfEmployed,300,High,Rejected
46941,79645,49,6,Salaried,300,High,Rejected
53160,63707,31,1,Salaried,305,High,Rejected
48051,18109,18,6,SelfEmployed,300,High,Rejected
58965,87542,27,5,Salaried,300,High,Rejected
97503,62838,40,2,SelfEmployed,455,High,Rejected
91998,69958,54,5,Salaried,323,High,Rejected
28728,19258,40,2,SelfEmployed,301,High,Rejected
71265,81455,20,0,Salaried,358,High,Rejected
61667,11147,38,6,Salaried,335,High,Rejected
69183,39415,24,2,Salaried,407,High,Rejected
40647,18550,48,0,SelfEmployed,411,High,Rejected
27847,47130,66,1,SelfEmployed,300,High,Rejected
28789,79147,28,6,Salaried,300,High,Rejected
34090,56479,60,6,Salaried,300,High,Rejected
99602,4885,13,5,Salaried,534,High,Rejected
28686,80360,38,4,SelfEmployed,300,High,Rejected
52117,49690,38,3,Salaried,300,High,Rejected
69377,19972,70,0,SelfEmployed,522,High,Rejected
95390,36931,48,2,Salaried,518,High,Rejected
35012,20023,13,3,SelfEmployed,300,High,Rejected
23005,17290,44,5,Salaried,300,High,Rejected
49345,88483,38,0,Salaried,300,High,Rejected
27829,53614,27,2,Salaried,300,High,Rejected
77836,20765,67,2,Salaried,493,High,Rejected
66520,13866,34,5,Salaried,377,High,Rejected
24545,7018,35,6,SelfEmployed,300,High,Rejected
53996,85482,65,3,SelfEmployed,300,High,Rejected
71819,85111,41,6,SelfEmployed,300,High,Rejected
76551,27587,16,3,Salaried,439,High,Rejected
83565,48578,26,0,Salaried,499,High,Rejected
28847,43469,43,0,SelfEmployed,300,High,Rejected
67175,55700,48,6,SelfEmployed,300,High,Rejected
95098,13935,23,4,Salaried,521,High,Rejected
97419,44529,30,0,SelfEmployed,565,High,Rejected
43166,43888,51,1,Salaried,320,High,Rejected
96700,11506,43,3,Salaried,564,High,Rejected
54972,54469,28,0,Salaried,368,High,Rejected
44695,62542,42,1,SelfEmployed,300,High,Rejected
34738,37682,57,4,Salaried,300,High,Rejected
69617,21231,59,1,SelfEmployed,489,High,Rejected
37456,10463,30,5,SelfEmployed,300,High,Rejected
47001,36486,66,2,SelfEmployed,326,High,Rejected
22303,11575,28,0,Salaried,357,High,Rejected
61337,56362,24,0,Salaried,388,High,Rejected
51937,33781,51,5,SelfEmployed,300,High,Rejected
93266,83110,52,1,Salaried,412,High,Rejected
27884,3723,26,2,Salaried,341,High,Rejected
32190,56372,53,4,Salaried,300,High,Rejected
61060,26547,32,2,SelfEmployed,410,High,Rejected
34925,23917,68,5,SelfEmployed,300,High,Rejected
20342,87326,51,2,SelfEmployed,300,High,Rejected
20438,86674,33,4,SelfEmployed,300,High,Rejected
20725,58219,42,0,SelfEmployed,300,High,Rejected
92551,59888,57,6,SelfEmployed,323,High,Rejected
57104,64975,56,5,Salaried,300,High,Rejected
74343,28486,25,3,Salaried,428,High,Rejected
83870,63074,49,1,Salaried,430,High,Rejected
35600,35227,70,1,SelfEmployed,314,High,Rejected
29897,73559,65,2,Salaried,300,High,Rejected
69787,52699,37,2,Salaried,372,High,Rejected
86967,48904,68,4,Salaried,392,High,Rejected
29714,23129,43,2,SelfEmployed,300,High,Rejected
52531,40429,22,5,SelfEmployed,300,High,Rejected
63817,29083,52,6,Salaried,300,High,Rejected
25012,57536,66,0,SelfEmployed,300,High,Rejected
71365,57965,62,5,Salaried,300,High,Rejected
79522,49784,24,2,SelfEmployed,419,High,Rejected
31908,24615,55,4,SelfEmployed,300,High,Rejected
27554,52861,56,1,SelfEmployed,300,High,Rejected
56052,2245,50,0,SelfEmployed,517,High,Rejected
36453,82471,45,1,Salaried,300,High,Rejected
94999,65425,65,2,SelfEmployed,438,High,Rejected
32533,70692,37,1,Salaried,300,High,Rejected
64455,60920,17,0,Salaried,388,High,Rejected
40617,6990,65,1,Salaried,413,High,Rejected
46930,35903,56,2,SelfEmployed,327,High,Rejected
23014,85726,56,0,SelfEmployed,300,High,Rejected
65670,59170,41,2,Salaried,338,High,Rejected
88590,51962,11,6,Salaried,330,High,Rejected
84208,72528,30,0,SelfEmployed,435,High,Rejected
41251,15626,13,3,Salaried,331,High,Rejected
68818,67358,25,1,Salaried,358,High,Rejected
91122,41130,18,4,Salaried,430,High,Rejected
83363,24797,42,5,Salaried,414,High,Rejected
72518,89725,68,0,Salaried,340,High,Rejected
53641,69853,16,6,Salaried,300,High,Rejected
41396,60013,42,6,Salaried,300,High,Rejected
34873,38894,59,2,SelfEmployed,300,High,Rejected
44565,26344,37,0,Salaried,405,High,Rejected
97381,33711,15,3,Salaried,505,High,Rejected
21369,8299,45,6,SelfEmployed,300,High,Rejected
67410,46386,43,3,SelfEmployed,350,High,Rejected
38790,14331,43,6,Salaried,300,High,Rejected
88661,68869,23,6,Salaried,300,High,Rejected
87907,6429,32,4,Salaried,513,High,Rejected
71788,53591,61,6,SelfEmployed,300,High,Rejected
69547,29859,22,0,Salaried,495,High,Rejected
43540,44949,34,6,SelfEmployed,300,High,Rejected
81703,40426,30,0,SelfEmployed,514,High,Rejected
56812,35224,13,4,Salaried,309,High,Rejected
95172,72752,13,6,Salaried,300,High,Rejected
70675,83617,30,3,SelfEmployed,300,High,Rejected
65639,77417,64,3,Salaried,300,High,Rejected
63388,6421,43,0,SelfEmployed,535,High,Rejected
25071,11336,39,6,Salaried,300,High,Rejected
31525,4941,39,5,Salaried,300,High,Rejected
21922,76465,29,2,SelfEmployed,300,High,Rejected
32542,3002,26,6,Salaried,300,High,Rejected
49161,28604,51,1,SelfEmployed,387,High,Rejected
49490,79864,16,1,SelfEmployed,300,High,Rejected
95496,12645,31,0,SelfEmployed,646,Medium,Approved
93928,60345,40,4,Salaried,388,High,Rejected
21593,8586,35,3,Salaried,300,High,Rejected
21312,75670,40,3,Salaried,300,High,Rejected
69922,55460,59,2,Salaried,365,High,Rejected
75892,56374,21,1,Salaried,416,High,Rejected
83905,56535,67,0,Salaried,478,High,Rejected
63875,50504,18,4,SelfEmployed,300,High,Rejected
67540,31628,39,1,Salaried,452,High,Rejected
56127,75665,41,2,Salaried,300,High,Rejected
74245,81771,31,0,SelfEmployed,369,High,Rejected
41728,19482,39,4,SelfEmployed,300,High,Rejected
83520,82746,29,1,Salaried,374,High,Rejected
88160,48134,38,5,SelfEmployed,368,High,Rejected
35286,44094,20,6,Salaried,300,High,Rejected
24559,20359,57,4,Salaried,300,High,Rejected
89838,55588,28,3,SelfEmployed,414,High,Rejected
24542,37395,55,1,Salaried,300,High,Rejected
75151,78705,52,5,SelfEmployed,300,High,Rejected
81881,58287,24,5,SelfEmployed,315,High,Rejected
48527,53750,17,1,Salaried,314,High,Rejected
59501,63272,25,4,Salaried,300,High,Rejected
24082,45031,32,0,Salaried,300,High,Rejected
99724,46325,58,3,Salaried,480,High,Rejected
48688,21970,16,6,Salaried,300,High,Rejected
86260,70871,53,4,Salaried,328,High,Rejected
51848,51647,68,3,SelfEmployed,300,High,Rejected
26899,66765,17,2,SelfEmployed,300,High,Rejected
80670,38809,28,4,SelfEmployed,394,High,Rejected
93893,55859,35,1,Salaried,490,High,Rejected
49116,43417,25,2,Salaried,315,High,Rejected
64906,23922,34,4,SelfEmployed,373,High,Rejected
81852,22326,53,5,SelfEmployed,415,High,Rejected
73327,63058,33,0,SelfEmployed,418,High,Rejected
48400,46954,58,1,SelfEmployed,333,High,Rejected
79547,48958,15,6,Salaried,302,High,Rejected
58524,49216,70,1,Salaried,367,High,Rejected
74703,792,48,1,SelfEmployed,566,High,Rejected
55527,43151,55,1,Salaried,372,High,Rejected
79460,53391,53,5,SelfEmployed,319,High,Rejected
90744,12497,59,2,SelfEmployed,568,High,Rejected
73836,80178,31,5,Salaried,300,High,Rejected
27665,88522,26,1,SelfEmployed,300,High,Rejected
96495,21089,14,3,SelfEmployed,537,High,Rejected
65041,78806,54,2,SelfEmployed,300,High,Rejected
45719,25780,25,5,Salaried,300,High,Rejected
32290,46470,12,1,Salaried,300,High,Rejected
70613,60661,69,3,SelfEmployed,323,High,Rejected
76908,86930,15,2,SelfEmployed,306,High,Rejected
55162,65396,61,1,Salaried,308,High,Rejected
49504,74522,30,2,Salaried,300,High,Rejected
79333,78314,34,3,Salaried,309,High,Rejected
63799,20960,20,3,SelfEmployed,406,High,Rejected
61279,19003,12,3,Salaried,402,High,Rejected
28747,49032,47,6,SelfEmployed,300,High,Rejected
70499,25546,46,0,SelfEmployed,511,High,Rejected
45128,77950,25,5,SelfEmployed,300,High,Rejected
24515,88057,14,4,Salaried,300,High,Rejected
30308,44414,47,0,SelfEmployed,300,High,Rejected
60030,65553,49,4,SelfEmployed,300,High,Rejected
36609,22213,54,4,Salaried,300,High,Rejected
41482,20452,50,0,SelfEmployed,409,High,Rejected
88737,19800,52,5,Salaried,449,High,Rejected
20044,8919,51,1,SelfEmployed,325,High,Rejected
79521,14254,69,2,SelfEmployed,518,High,Rejected
25973,56531,38,0,Salaried,300,High,Rejected
86261,58734,20,4,Salaried,361,High,Rejected
74698,87394,63,0,Salaried,356,High,Rejected
35327,22729,50,5,Salaried,300,High,Rejected
63289,32992,70,4,Salaried,341,High,Rejected
43919,84025,19,5,Salaried,300,High,Rejected
66966,28703,44,5,Salaried,338,High,Rejected
61703,62722,60,5,SelfEmployed,300,High,Rejected
87925,78440,20,3,SelfEmployed,343,High,Rejected
20047,28463,54,2,Salaried,300,High,Rejected
52995,66203,19,1,SelfEmployed,300,High,Rejected
79811,54994,41,4,SelfEmployed,346,High,Rejected
56478,86075,30,4,Salaried,300,High,Rejected
82427,42005,25,2,Salaried,453,High,Rejected
61959,16961,59,1,Salaried,470,High,Rejected
63579,65133,69,3,Salaried,300,High,Rejected
36640,41341,61,4,Salaried,300,High,Rejected
66459,89272,27,4,Salaried,300,High,Rejected
24664,42926,11,0,SelfEmployed,300,High,Rejected
47684,31730,62,0,Salaried,402,High,Rejected
45720,75168,64,6,SelfEmployed,300,High,Rejected
73956,87433,60,4,SelfEmployed,300,High,Rejected
21710,43225,22,1,Salaried,300,High,Rejected
70704,8028,58,4,Salaried,440,High,Rejected
91190,73128,19,4,Salaried,341,High,Rejected
99719,53987,32,2,Salaried,488,High,Rejected
66398,40934,58,1,Salaried,421,High,Rejected
80147,13488,35,4,Salaried,463,High,Rejected
51879,46025,65,1,Salaried,349,High,Rejected
49765,27835,37,6,Salaried,300,High,Rejected
73095,27315,12,5,SelfEmployed,366,High,Rejected
39787,84,28,4,Salaried,338,High,Rejected
98709,72122,62,0,SelfEmployed,494,High,Rejected
92757,51067,36,4,Salaried,409,High,Rejected
85332,12769,11,3,SelfEmployed,515,High,Rejected
21113,20431,19,2,Salaried,300,High,Rejected
63995,56326,55,2,SelfEmployed,339,High,Rejected
71907,3956,62,3,Salaried,486,High,Rejected
73407,39396,55,4,Salaried,364,High,Rejected
99807,83052,46,2,Salaried,408,High,Rejected
31926,51065,53,5,Salaried,300,High,Rejected
98690,56635,63,0,SelfEmployed,537,High,Rejected
46227,51294,40,3,SelfEmployed,300,High,Rejected
49421,9185,67,3,Salaried,382,High,Rejected
59809,9237,48,3,SelfEmployed,423,High,Rejected
74551,46203,19,5,Salaried,319,High,Rejected
37854,28613,38,1,Salaried,341,High,Rejected
53870,37275,36,1,Salaried,381,High,Rejected
41641,29904,54,1,SelfEmployed,353,High,Rejected
71799,45020,62,5,Salaried,312,High,Rejected
84952,33371,51,5,Salaried,397,High,Rejected
51005,17422,61,1,Salaried,425,High,Rejected
66609,76294,49,0,SelfEmployed,354,High,Rejected
41580,86640,46,6,Salaried,300,High,Rejected
28168,74724,54,2,SelfEmployed,300,High,Rejected
30455,89259,30,0,SelfEmployed,300,High,Rejected
23062,71576,28,3,SelfEmployed,300,High,Rejected
75259,85910,27,4,Salaried,300,High,Rejected
47205,65005,43,0,SelfEmployed,308,High,Rejected
66996,66943,42,1,SelfEmployed,352,High,Rejected
67417,44600,70,2,Salaried,385,High,Rejected
92595,23759,36,6,Salaried,424,High,Rejected
55141,88190,30,2,Salaried,300,High,Rejected
40160,17009,70,6,Salaried,300,High,Rejected
80113,53621,31,6,Salaried,300,High,Rejected
44833,47335,29,4,Salaried,300,High,Rejected
83846,71354,57,2,Salaried,377,High,Rejected
89558,42355,34,0,SelfEmployed,540,High,Rejected
24231,16496,55,0,SelfEmployed,351,High,Rejected
33117,30177,22,0,Salaried,348,High,Rejected
69028,35647,49,0,Salaried,477,High,Rejected
67008,41709,16,0,SelfEmployed,452,High,Rejected
81421,69756,52,4,SelfEmployed,311,High,Rejected
60181,40044,58,1,SelfEmployed,399,High,Rejected
42800,1776,67,4,SelfEmployed,346,High,Rejected
68242,13277,37,0,Salaried,536,High,Rejected
20868,18925,40,6,SelfEmployed,300,High,Rejected
23266,82817,59,4,Salaried,300,High,Rejected
76107,49534,18,4,Salaried,346,High,Rejected
40394,84148,51,6,SelfEmployed,300,High,Rejected
74277,56349,58,4,Salaried,320,High,Rejected
39557,65063,54,4,Salaried,300,High,Rejected
84917,25829,27,0,Salaried,567,High,Rejected
85600,45656,70,2,Salaried,455,High,Rejected
46971,66298,33,5,Salaried,300,High,Rejected
72713,4907,56,2,Salaried,517,High,Rejected
83337,85387,18,1,SelfEmployed,366,High,Rejected
73901,83079,58,5,Salaried,300,High,Rejected
94570,1141,48,1,SelfEmployed,645,Medium,Approved
30757,7942,67,2,SelfEmployed,340,High,Rejected
27561,1163,28,6,SelfEmployed,300,High,Rejected
68765,47687,46,1,Salaried,412,High,Rejected
51245,50665,53,5,SelfEmployed,300,High,Rejected
72188,62514,55,2,SelfEmployed,355,High,Rejected
95583,63260,56,0,SelfEmployed,506,High,Rejected
88607,6228,43,6,SelfEmployed,457,High,Rejected
79318,38846,68,4,Salaried,389,High,Rejected
96133,33843,66,6,SelfEmployed,410,High,Rejected
37845,51314,49,3,Salaried,300,High,Rejected
82351,2301,20,2,Salaried,563,High,Rejected
68232,26156,63,6,Salaried,320,High,Rejected
20358,79921,15,2,Salaried,300,High,Rejected
85909,32620,55,6,Salaried,373,High,Rejected
43756,13507,49,3,SelfEmployed,347,High,Rejected
29263,80012,65,1,SelfEmployed,300,High,Rejected
67144,21336,32,0,SelfEmployed,509,High,Rejected
36174,61057,36,2,Salaried,300,High,Rejected
57937,87883,58,4,SelfEmployed,300,High,Rejected
57920,61931,57,5,SelfEmployed,300,High,Rejected
25044,35481,34,5,SelfEmployed,300,High,Rejected
34657,75128,30,5,SelfEmployed,300,High,Rejected
72454,37384,26,4,SelfEmployed,365,High,Rejected
24621,35269,62,2,SelfEmployed,300,High,Rejected
73465,70790,41,4,Salaried,300,High,Rejected
38784,74723,56,5,Salaried,300,High,Rejected
84629,3971,59,6,Salaried,447,High,Rejected
95414,12613,55,4,SelfEmployed,526,High,Rejected
29843,4872,37,3,SelfEmployed,315,High,Rejected
69852,1578,44,2,Salaried,515,High,Rejected
92336,78373,44,3,Salaried,361,High,Rejected
67052,38942,59,1,SelfEmployed,430,High,Rejected
33841,71011,21,1,Salaried,300,High,Rejected
82887,67232,32,6,Salaried,300,High,Rejected
21057,83040,29,0,Salaried,300,High,Rejected
56050,76875,45,1,Salaried,300,High,Rejected
84354,6527,11,6,SelfEmployed,439,High,Rejected
28148,15705,11,3,SelfEmployed,300,High,Rejected
63598,9889,68,4,SelfEmployed,406,High,Rejected
96531,8036,24,0,SelfEmployed,663,Medium,Approved
33471,15439,11,2,SelfEmployed,330,High,Rejected
60315,31268,65,5,Salaried,304,High,Rejected
77536,66889,13,5,SelfEmployed,300,High,Rejected
30707,35279,50,5,SelfEmployed,300,High,Rejected
86653,43055,70,1,Salaried,497,High,Rejected
28976,25592,26,6,Salaried,300,High,Rejected
29367,68263,51,6,Salaried,300,High,Rejected
39155,37076,66,2,Salaried,300,High,Rejected
91981,43193,63,2,SelfEmployed,487,High,Rejected
63764,68731,26,5,Salaried,300,High,Rejected
21246,18854,32,1,SelfEmployed,302,High,Rejected
46190,23965,18,2,Salaried,358,High,Rejected
50321,63746,20,6,Salaried,300,High,Rejected
38087,45854,16,0,SelfEmployed,324,High,Rejected
83377,71595,57,2,SelfEmployed,374,High,Rejected
83367,23764,11,4,SelfEmployed,447,High,Rejected
24770,46892,42,6,Salaried,300,High,Rejected
70108,56671,48,5,SelfEmployed,300,High,Rejected
38792,40497,69,6,SelfEmployed,300,High,Rejected
34747,14403,23,4,Salaried,300,High,Rejected
38988,31143,63,6,Salaried,300,High,Rejected
87629,37410,37,2,Salaried,486,High,Rejected
98063,89776,21,1,Salaried,412,High,Rejected
94689,84840,36,4,Salaried,323,High,Rejected
74233,12581,16,3,Salaried,471,High,Rejected
48378,82828,28,2,Salaried,300,High,Rejected
84184,49399,32,0,Salaried,499,High,Rejected
55245,69309,10,5,SelfEmployed,300,High,Rejected
36001,1365,33,6,Salaried,300,High,Rejected
53111,3662,17,1,Salaried,472,High,Rejected
75029,72086,34,5,SelfEmployed,300,High,Rejected
72512,80359,56,4,Salaried,300,High,Rejected
46332,6059,35,3,SelfEmployed,378,High,Rejected
85111,21154,24,2,Salaried,521,High,Rejected
61721,51258,48,0,Salaried,404,High,Rejected
81046,59428,13,3,Salaried,369,High,Rejected
30975,53615,66,6,Salaried,300,High,Rejected
36697,88698,13,6,SelfEmployed,300,High,Rejected
29607,82463,30,2,Salaried,300,High,Rejected
38866,40779,25,5,Salaried,300,High,Rejected
90511,58667,55,6,Salaried,319,High,Rejected
55627,88089,41,1,SelfEmployed,300,High,Rejected
89685,1238,54,5,SelfEmployed,505,High,Rejected
42872,13238,32,5,SelfEmployed,300,High,Rejected
50093,65560,69,5,Salaried,300,High,Rejected
47930,77407,58,3,Salaried,300,High,Rejected
85040,8092,38,6,SelfEmployed,437,High,Rejected
89369,35932,57,6,Salaried,377,High,Rejected
95668,67088,24,1,SelfEmployed,466,High,Rejected
65190,79458,49,1,SelfEmployed,310,High,Rejected
21387,56963,69,1,Salaried,300,High,Rejected
34007,24121,33,5,Salaried,300,High,Rejected
54426,89754,45,0,SelfEmployed,300,High,Rejected
83693,4834,18,6,Salaried,441,High,Rejected
55624,47340,27,1,Salaried,360,High,Rejected
81332,69047,57,5,Salaried,300,High,Rejected
40156,4377,28,3,Salaried,358,High,Rejected
65648,13619,58,2,SelfEmployed,464,High,Rejected
57140,26130,22,4,Salaried,335,High,Rejected
27902,32415,49,3,Salaried,300,High,Rejected
61740,74536,60,0,Salaried,339,High,Rejected
97865,24003,18,4,SelfEmployed,504,High,Rejected
43375,71776,50,0,SelfEmployed,300,High,Rejected
78255,6736,29,4,Salaried,474,High,Rejected
54319,41109,13,6,SelfEmployed,300,High,Rejected
22175,30728,53,3,Salaried,300,High,Rejected
84027,85149,31,0,SelfEmployed,399,High,Rejected
70937,70815,22,2,SelfEmployed,327,High,Rejected
80336,35252,27,0,Salaried,523,High,Rejected
71950,35264,26,5,SelfEmployed,339,High,Rejected
68073,87720,60,3,SelfEmployed,300,High,Rejected
33942,65674,53,3,SelfEmployed,300,High,Rejected
55299,88486,69,3,SelfEmployed,300,High,Rejected
75018,70628,59,5,SelfEmployed,300,High,Rejected
59274,80356,43,1,Salaried,300,High,Rejected
81995,8331,55,2,SelfEmployed,544,High,Rejected
21832,28045,50,2,SelfEmployed,300,High,Rejected
99143,18357,43,0,Salaried,645,Medium,Approved
22916,71415,48,1,SelfEmployed,300,High,Rejected
55467,26547,59,6,SelfEmployed,300,High,Rejected
64497,61464,25,5,SelfEmployed,300,High,Rejected
81566,59572,25,6,SelfEmployed,300,High,Rejected
82248,79363,49,4,SelfEmployed,300,High,Rejected
67716,21437,56,2,SelfEmployed,451,High,Rejected
81887,78776,36,6,SelfEmployed,300,High,Rejected
24077,13009,48,2,Salaried,300,High,Rejected
62118,40416,61,1,Salaried,406,High,Rejected
26786,79755,28,5,Salaried,300,High,Rejected
30763,18467,34,6,SelfEmployed,300,High,Rejected
26519,37466,43,6,SelfEmployed,300,High,Rejected
80000,72726,37,2,Salaried,357,High,Rejected
86530,65398,12,3,Salaried,374,High,Rejected
43198,64304,47,1,Salaried,300,High,Rejected
93273,48786,27,6,Salaried,357,High,Rejected
22814,81923,28,6,SelfEmployed,300,High,Rejected
85408,54903,42,5,SelfEmployed,339,High,Rejected
37740,51790,52,6,Salaried,300,High,Rejected
64917,80640,16,0,Salaried,335,High,Rejected
23055,70444,34,5,SelfEmployed,300,High,Rejected
34956,43376,68,2,Salaried,300,High,Rejected
21448,77395,31,6,SelfEmployed,300,High,Rejected
57097,76779,50,5,SelfEmployed,300,High,Rejected
37946,9624,34,2,SelfEmployed,365,High,Rejected
69589,39330,26,4,Salaried,349,High,Rejected
75132,64412,32,4,SelfEmployed,301,High,Rejected
31133,75340,62,5,SelfEmployed,300,High,Rejected
37834,33729,33,6,Salaried,300,High,Rejected
74125,11198,70,2,SelfEmployed,505,High,Rejected
26230,74155,59,3,Salaried,300,High,Rejected
90963,32460,36,4,Salaried,453,High,Rejected
81017,30428,27,3,Salaried,449,High,Rejected
67348,3203,55,4,SelfEmployed,440,High,Rejected
24896,28172,59,3,Salaried,300,High,Rejected
85964,31370,27,1,Salaried,526,High,Rejected
56124,78902,54,2,SelfEmployed,300,High,Rejected
66517,51599,62,3,SelfEmployed,332,High,Rejected
93424,3596,38,5,Salaried,513,High,Rejected
65298,44894,23,6,SelfEmployed,300,High,Rejected
89302,60893,45,2,SelfEmployed,428,High,Rejected
78103,3174,63,6,SelfEmployed,423,High,Rejected
74703,12879,39,2,SelfEmployed,503,High,Rejected
37190,45358,54,5,Salaried,300,High,Rejected
66602,85544,19,5,Salaried,300,High,Rejected
21526,25151,31,5,SelfEmployed,300,High,Rejected
96427,58955,36,5,SelfEmployed,371,High,Rejected
39281,46621,59,4,SelfEmployed,300,High,Rejected
23220,3224,31,5,Salaried,300,High,Rejected
87244,83060,63,4,SelfEmployed,300,High,Rejected
71656,6708,57,5,Salaried,417,High,Rejected
80935,77564,19,5,Salaried,300,High,Rejected
87551,10105,56,2,SelfEmployed,562,High,Rejected
36734,43296,27,2,SelfEmployed,300,High,Rejected
29629,35511,20,0,Salaried,319,High,Rejected
43227,27214,54,3,SelfEmployed,307,High,Rejected
34502,52931,29,5,Salaried,300,High,Rejected
56946,7187,53,1,SelfEmployed,477,High,Rejected
36881,73602,43,2,Salaried,300,High,Rejected
38266,62001,40,1,SelfEmployed,300,High,Rejected
87877,70563,37,5,SelfEmployed,305,High,Rejected
47699,54661,33,6,SelfEmployed,300,High,Rejected
20556,68002,25,0,SelfEmployed,300,High,Rejected
82250,41435,50,3,Salaried,423,High,Rejected
31425,1640,31,4,SelfEmployed,301,High,Rejected
98084,57111,56,6,Salaried,353,High,Rejected
85721,2126,19,1,Salaried,606,Medium,Approved
59608,51693,66,4,SelfEmployed,300,High,Rejected
72578,49128,32,4,Salaried,333,High,Rejected
45910,34609,50,5,Salaried,300,High,Rejected
69000,12295,18,3,Salaried,451,High,Rejected
30713,10218,29,5,Salaried,300,High,Rejected
46468,47880,33,6,Salaried,300,High,Rejected
94979,53663,39,6,SelfEmployed,350,High,Rejected
84227,54638,66,3,Salaried,395,High,Rejected
95111,46126,56,1,SelfEmployed,522,High,Rejected
74309,4761,52,3,Salaried,494,High,Rejected
40195,2879,39,3,Salaried,362,High,Rejected
50168,80020,50,4,SelfEmployed,300,High,Rejected
77797,81334,25,4,SelfEmployed,300,High,Rejected
65740,53700,26,3,Salaried,323,High,Rejected
67136,46744,30,5,Salaried,300,High,Rejected
74464,27963,60,6,Salaried,340,High,Rejected
98311,82333,48,1,Salaried,434,High,Rejected
59945,17980,15,4,Salaried,369,High,Rejected
65889,83241,57,4,SelfEmployed,300,High,Rejected
72814,12618,62,2,Salaried,496,High,Rejected
54528,89301,34,2,Salaried,300,High,Rejected
66308,80769,33,5,Salaried,300,High,Rejected
29262,71263,67,4,SelfEmployed,300,High,Rejected
63857,87127,68,3,SelfEmployed,300,High,Rejected
55940,75698,55,3,SelfEmployed,300,High,Rejected
60626,746,43,3,SelfEmployed,450,High,Rejected
83443,64699,50,1,Salaried,424,High,Rejected
23048,54598,38,0,Salaried,300,High,Rejected
66455,28336,37,4,Salaried,367,High,Rejected
82582,32962,60,3,Salaried,448,High,Rejected
90213,49745,30,3,Salaried,432,High,Rejected
90979,19560,28,1,SelfEmployed,579,High,Rejected
21788,10801,58,4,SelfEmployed,300,High,Rejected
39312,77805,19,1,Salaried,300,High,Rejected
90955,35978,30,4,Salaried,443,High,Rejected
87254,35841,49,3,SelfEmployed,459,High,Rejected
86976,18700,29,5,Salaried,445,High,Rejected
55791,15799,42,2,SelfEmployed,419,High,Rejected
41881,27642,24,6,SelfEmployed,300,High,Rejected
34166,44684,57,3,SelfEmployed,300,High,Rejected
31247,41526,56,3,SelfEmployed,300,High,Rejected
34585,14605,67,3,SelfEmployed,307,High,Rejected
25315,3109,15,0,Salaried,392,High,Rejected
37247,52869,65,6,Salaried,300,High,Rejected
82808,38065,15,1,Salaried,495,High,Rejected
25509,58443,26,3,SelfEmployed,300,High,Rejected
97237,60894,59,6,SelfEmployed,339,High,Rejected
37618,61958,12,2,Salaried,300,High,Rejected
41719,87897,17,0,SelfEmployed,300,High,Rejected
22207,5748,24,6,Salaried,300,High,Rejected
45562,38916,27,2,SelfEmployed,314,High,Rejected
20537,32711,27,0,Salaried,300,High,Rejected
68269,13850,14,2,Salaried,474,High,Rejected
98660,87115,50,2,Salaried,392,High,Rejected
97735,67637,59,3,SelfEmployed,413,High,Rejected
87458,70924,17,5,Salaried,302,High,Rejected
65251,66654,69,2,Salaried,315,High,Rejected
22264,72727,23,0,SelfEmployed,300,High,Rejected
52185,62554,12,6,Salaried,300,High,Rejected
72549,35498,23,2,SelfEmployed,431,High,Rejected
60238,39050,23,5,SelfEmployed,300,High,Rejected
74300,48475,67,1,SelfEmployed,432,High,Rejected
83885,86076,13,6,SelfEmployed,300,High,Rejected
73759,28768,54,5,SelfEmployed,365,High,Rejected
57437,10878,51,6,Salaried,319,High,Rejected
59849,46054,68,1,Salaried,381,High,Rejected
28525,66159,11,4,SelfEmployed,300,High,Rejected
65856,60499,32,1,Salaried,365,High,Rejected
64927,87806,67,5,Salaried,300,High,Rejected
45696,71591,21,4,SelfEmployed,300,High,Rejected
29945,33384,51,1,SelfEmployed,300,High,Rejected
47883,3058,43,3,Salaried,393,High,Rejected
53244,12175,12,5,Salaried,329,High,Rejected
29028,35465,17,3,Salaried,300,High,Rejected
44950,49374,27,2,SelfEmployed,300,High,Rejected
51993,20256,60,2,SelfEmployed,391,High,Rejected
41708,37583,65,6,Salaried,300,High,Rejected
82643,1654,36,1,SelfEmployed,595,High,Rejected
59489,51823,13,5,Salaried,300,High,Rejected
59010,84987,12,2,Salaried,300,High,Rejected
44879,83771,10,3,Salaried,300,High,Rejected
40694,89922,70,1,SelfEmployed,300,High,Rejected
23374,20649,49,0,Salaried,336,High,Rejected
89053,28138,25,1,Salaried,548,High,Rejected
99599,2544,33,1,Salaried,661,Medium,Approved
90863,52767,64,3,Salaried,426,High,Rejected
25872,66076,50,1,Salaried,300,High,Rejected
56478,87279,54,5,Salaried,300,High,Rejected
45535,16280,52,4,SelfEmployed,316,High,Rejected
66359,21465,25,1,SelfEmployed,475,High,Rejected
58446,4196,65,5,Salaried,372,High,Rejected
84991,44301,31,0,SelfEmployed,516,High,Rejected
28460,40289,23,5,SelfEmployed,300,High,Rejected
94100,69075,20,0,SelfEmployed,484,High,Rejected
59532,28006,65,5,SelfEmployed,310,High,Rejected
82305,86231,27,6,Salaried,300,High,Rejected
90823,75975,32,6,SelfEmployed,300,High,Rejected
30051,43225,35,5,Salaried,300,High,Rejected
54459,33176,30,0,Salaried,425,High,Rejected
20860,61148,25,5,Salaried,300,High,Rejected
77756,77521,43,3,Salaried,305,High,Rejected
35400,69636,36,6,SelfEmployed,300,High,Rejected
79276,70712,18,3,SelfEmployed,330,High,Rejected
78158,65074,10,6,Salaried,300,High,Rejected
28660,80863,47,0,Salaried,300,High,Rejected
87761,46699,48,4,Salaried,401,High,Rejected
93531,54498,48,2,Salaried,462,High,Rejected
66224,57750,19,4,SelfEmployed,300,High,Rejected
86666,70277,40,4,Salaried,331,High,Rejected
60892,39880,20,3,SelfEmployed,342,High,Rejected
94252,86301,22,2,SelfEmployed,377,High,Rejected
52863,8183,49,1,Salaried,458,High,Rejected
77058,24450,54,5,Salaried,390,High,Rejected
55312,77089,42,0,SelfEmployed,307,High,Rejected
24966,72633,26,0,SelfEmployed,300,High,Rejected
99872,13781,23,6,SelfEmployed,481,High,Rejected
89100,69234,18,6,SelfEmployed,300,High,Rejected
65366,72698,25,6,SelfEmployed,300,High,Rejected
50219,67012,60,0,SelfEmployed,314,High,Rejected
73043,7573,40,4,Salaried,451,High,Rejected
81856,28141,62,0,SelfEmployed,549,High,Rejected
98464,32592,19,6,SelfEmployed,423,High,Rejected
54056,17271,34,4,SelfEmployed,348,High,Rejected
42782,17061,60,2,SelfEmployed,363,High,Rejected
64298,801,43,2,Salaried,494,High,Rejected
75505,19872,38,4,Salaried,426,High,Rejected
40757,51521,49,2,Salaried,300,High,Rejected
91160,40028,20,6,Salaried,373,High,Rejected
38286,44522,42,5,Salaried,300,High,Rejected
20914,12938,68,6,SelfEmployed,300,High,Rejected
87575,50406,32,4,SelfEmployed,390,High,Rejected
32474,12540,70,1,Salaried,365,High,Rejected
58085,1196,69,1,Salaried,499,High,Rejected
42408,8177,47,2,Salaried,386,High,Rejected
55799,86327,26,0,SelfEmployed,300,High,Rejected
90340,60090,10,2,Salaried,434,High,Rejected
28879,27862,54,5,Salaried,300,High,Rejected
45448,47914,66,3,SelfEmployed,300,High,Rejected
64630,39465,55,4,Salaried,328,High,Rejected
52325,7852,10,3,SelfEmployed,397,High,Rejected
97426,1655,20,4,SelfEmployed,565,High,Rejected
77164,30008,10,3,SelfEmployed,435,High,Rejected
56271,39506,62,6,SelfEmployed,300,High,Rejected
84908,2086,20,6,Salaried,453,High,Rejected
94734,23760,60,5,Salaried,462,High,Rejected
96953,24799,68,1,Salaried,588,High,Rejected
30333,45261,10,6,SelfEmployed,300,High,Rejected
73010,6138,38,0,Salaried,574,High,Rejected
75495,2096,12,5,Salaried,446,High,Rejected
43647,59147,56,4,Salaried,300,High,Rejected
66281,41157,27,6,Salaried,300,High,Rejected
96083,34430,31,2,Salaried,528,High,Rejected
92124,47219,61,1,SelfEmployed,507,High,Rejected
27434,80161,22,1,Salaried,300,High,Rejected
92931,67968,34,4,Salaried,362,High,Rejected
81130,29784,15,4,Salaried,421,High,Rejected
56017,38139,19,0,SelfEmployed,418,High,Rejected
58236,57033,62,6,SelfEmployed,300,High,Rejected
96342,36803,42,4,Salaried,463,High,Rejected
84854,80627,43,0,Salaried,415,High,Rejected
66239,75879,57,4,SelfEmployed,300,High,Rejected
42384,30048,69,6,Salaried,300,High,Rejected
69443,5777,25,6,Salaried,381,High,Rejected
29822,64876,54,4,Salaried,300,High,Rejected
52521,34933,34,6,Salaried,300,High,Rejected
65068,502,37,2,SelfEmployed,498,High,Rejected
30218,35023,21,1,Salaried,300,High,Rejected
34472,32883,30,2,Salaried,300,High,Rejected
96501,46097,51,4,Salaried,437,High,Rejected
92858,74114,30,4,Salaried,345,High,Rejected
97297,82059,64,2,Salaried,401,High,Rejected
21493,88510,68,6,Salaried,300,High,Rejected
27423,49223,33,0,SelfEmployed,300,High,Rejected
50763,58908,64,2,Salaried,300,High,Rejected
31075,4148,33,0,SelfEmployed,412,High,Rejected
69989,77393,30,4,SelfEmployed,300,High,Rejected
69547,19561,16,0,Salaried,523,High,Rejected
43491,51403,65,0,Salaried,331,High,Rejected
41658,62778,37,2,SelfEmployed,300,High,Rejected
65356,27836,31,5,SelfEmployed,334,High,Rejected
97850,83703,39,3,SelfEmployed,368,High,Rejected
22042,45621,52,1,SelfEmployed,300,High,Rejected
53753,69377,10,6,Salaried,300,High,Rejected
90438,25039,62,0,SelfEmployed,592,High,Rejected
74349,72492,27,1,SelfEmployed,366,High,Rejected
99809,16854,49,4,SelfEmployed,532,High,Rejected
76909,14749,11,3,Salaried,476,High,Rejected
50667,51699,42,0,Salaried,359,High,Rejected
33627,75527,44,3,SelfEmployed,300,High,Rejected
59580,30875,58,1,Salaried,422,High,Rejected
55664,29567,64,1,Salaried,410,High,Rejected
35352,62787,23,4,SelfEmployed,300,High,Rejected
31557,79846,29,0,Salaried,300,High,Rejected
46264,17361,10,5,Salaried,300,High,Rejected
23670,71105,27,4,Salaried,300,High,Rejected
80438,74178,61,0,Salaried,415,High,Rejected
89853,89248,23,4,SelfEmployed,300,High,Rejected
61139,71098,13,0,Salaried,347,High,Rejected
67541,85469,67,5,SelfEmployed,300,High,Rejected
81675,73156,68,2,SelfEmployed,363,High,Rejected
29461,9442,43,3,Salaried,301,High,Rejected
57216,84046,27,6,SelfEmployed,300,High,Rejected
35906,72639,45,5,SelfEmployed,300,High,Rejected
78381,64603,57,0,Salaried,434,High,Rejected
77296,34345,14,0,Salaried,513,High,Rejected
40648,17518,15,3,Salaried,323,High,Rejected
41818,69196,39,1,Salaried,300,High,Rejected
63806,51550,66,2,Salaried,352,High,Rejected
57923,30734,38,5,Salaried,300,High,Rejected
70964,78635,11,2,SelfEmployed,305,High,Rejected
93840,54206,33,0,SelfEmployed,524,High,Rejected
46761,42206,42,6,Salaried,300,High,Rejected
88051,22456,34,1,Salaried,559,High,Rejected
91039,89931,58,6,Salaried,300,High,Rejected
85658,16913,50,6,Salaried,415,High,Rejected
46254,1828,29,0,SelfEmployed,479,High,Rejected
70600,30669,43,2,Salaried,437,High,Rejected
48474,275,20,0,SelfEmployed,493,High,Rejected
70042,46995,14,5,SelfEmployed,300,High,Rejected
98822,17598,22,2,Salaried,586,High,Rejected
32492,53701,23,6,Salaried,300,High,Rejected
42614,74503,10,6,SelfEmployed,300,High,Rejected
42550,14724,40,5,SelfEmployed,300,High,Rejected
76970,63262,34,4,Salaried,312,High,Rejected
94348,24534,24,0,Salaried,609,Medium,Approved
48536,54714,29,1,Salaried,312,High,Rejected
64452,69847,25,0,Salaried,363,High,Rejected
84536,34752,52,6,SelfEmployed,361,High,Rejected
83570,56079,22,6,Salaried,300,High,Rejected
65439,42562,35,5,Salaried,300,High,Rejected
26000,2218,50,5,SelfEmployed,300,High,Rejected
37282,34135,44,4,Salaried,300,High,Rejected
79245,85631,67,0,Salaried,379,High,Rejected
43104,19857,18,0,Salaried,417,High,Rejected
61517,39891,25,6,Salaried,300,High,Rejected
65732,47061,25,3,Salaried,342,High,Rejected
25336,21692,61,4,SelfEmployed,300,High,Rejected
26856,66626,65,2,SelfEmployed,300,High,Rejected
51609,77382,35,5,Salaried,300,High,Rejected
46888,42924,43,5,SelfEmployed,300,High,Rejected
94630,85971,56,5,Salaried,300,High,Rejected
87489,32527,15,5,SelfEmployed,409,High,Rejected
51340,84524,20,2,SelfEmployed,300,High,Rejected
60905,64407,31,4,SelfEmployed,300,High,Rejected
30410,61971,49,0,Salaried,300,High,Rejected
92456,35074,53,2,Salaried,512,High,Rejected
42714,77115,49,0,Salaried,300,High,Rejected
50832,16730,51,4,Salaried,336,High,Rejected
93768,52424,50,4,SelfEmployed,409,High,Rejected
63889,61934,10,4,SelfEmployed,300,High,Rejected
55911,79059,48,0,Salaried,304,High,Rejected
89385,69002,46,0,Salaried,465,High,Rejected
86332,19455,44,2,Salaried,531,High,Rejected
21698,73370,32,4,SelfEmployed,300,High,Rejected
34233,76440,27,2,Salaried,300,High,Rejected
22870,9396,60,2,SelfEmployed,305,High,Rejected
47437,70627,34,2,SelfEmployed,300,High,Rejected
87596,3508,25,1,Salaried,610,Medium,Approved
38656,85568,42,1,SelfEmployed,300,High,Rejected
50625,15281,60,4,Salaried,340,High,Rejected
82115,17298,68,6,Salaried,400,High,Rejected
38596,11025,65,2,SelfEmployed,363,High,Rejected
82839,10212,15,5,SelfEmployed,452,High,Rejected
46956,29506,30,1,SelfEmployed,375,High,Rejected
63289,34417,31,5,Salaried,307,High,Rejected
30399,72596,28,2,Salaried,300,High,Rejected
72930,68559,49,1,Salaried,371,High,Rejected
91969,72290,70,0,Salaried,467,High,Rejected
35318,83444,42,2,Salaried,300,High,Rejected
28693,29152,10,4,SelfEmployed,300,High,Rejected
38260,15498,20,1,SelfEmployed,379,High,Rejected
88444,26742,55,3,Salaried,489,High,Rejected
65614,5834,60,6,Salaried,366,High,Rejected
92632,52091,15,0,SelfEmployed,525,High,Rejected
56862,26340,13,0,SelfEmployed,454,High,Rejected
48133,82633,70,3,SelfEmployed,300,High,Rejected
28383,70385,64,4,SelfEmployed,300,High,Rejected
37148,46817,59,6,Salaried,300,High,Rejected
51521,50870,65,4,Salaried,300,High,Rejected
94812,1189,37,1,SelfEmployed,645,Medium,Approved
32021,40073,20,3,Salaried,300,High,Rejected
25482,60677,62,3,SelfEmployed,300,High,Rejected
76468,26310,33,2,SelfEmployed,472,High,Rejected
87946,10381,56,1,Salaried,592,High,Rejected
63740,62388,25,5,SelfEmployed,300,High,Rejected
38844,83269,18,3,SelfEmployed,300,High,Rejected
44073,69274,33,4,SelfEmployed,300,High,Rejected
55134,87750,21,2,Salaried,300,High,Rejected
82869,5104,64,6,Salaried,437,High,Rejected
96838,66559,11,6,SelfEmployed,322,High,Rejected
87837,53463,67,1,SelfEmployed,472,High,Rejected
62490,80767,10,5,Salaried,300,High,Rejected
50281,2926,56,0,Salaried,492,High,Rejected
53993,26491,46,2,SelfEmployed,382,High,Rejected
67950,65579,10,2,SelfEmployed,329,High,Rejected
84531,12440,29,2,SelfEmployed,543,High,Rejected
35827,24189,42,6,SelfEmployed,300,High,Rejected
89739,42696,55,4,SelfEmployed,420,High,Rejected
98841,36054,18,4,Salaried,475,High,Rejected
71634,29169,26,5,Salaried,355,High,Rejected
75237,85561,27,5,SelfEmployed,300,High,Rejected
35100,63758,61,3,Salaried,300,High,Rejected
20084,88537,59,4,Salaried,300,High,Rejected
61638,55569,70,4,Salaried,300,High,Rejected
62013,1710,23,6,SelfEmployed,363,High,Rejected
47999,68047,42,1,SelfEmployed,300,High,Rejected
39098,7958,44,6,SelfEmployed,300,High,Rejected
96751,88067,10,6,Salaried,300,High,Rejected
24888,10446,38,6,SelfEmployed,300,High,Rejected
59960,15332,60,2,Salaried,437,High,Rejected
27689,77218,43,3,Salaried,300,High,Rejected
34140,50388,64,1,SelfEmployed,300,High,Rejected
31712,51116,43,2,SelfEmployed,300,High,Rejected
73258,71885,59,1,SelfEmployed,363,High,Rejected
67503,41453,29,3,SelfEmployed,364,High,Rejected
75689,27135,40,3,Salaried,437,High,Rejected
67711,49057,31,1,SelfEmployed,404,High,Rejected
28449,85374,31,4,Salaried,300,High,Rejected
55828,14141,70,2,Salaried,424,High,Rejected
32918,16674,46,5,Salaried,300,High,Rejected
32956,65361,38,3,Salaried,300,High,Rejected
97934,15869,24,1,Salaried,617,Medium,Approved
32786,39359,46,0,SelfEmployed,321,High,Rejected
64001,67062,59,3,SelfEmployed,300,High,Rejected
86504,53288,68,0,SelfEmployed,497,High,Rejected
99017,38304,26,1,Salaried,559,High,Rejected
44025,66449,38,6,Salaried,300,High,Rejected
93149,81628,59,1,SelfEmployed,415,High,Rejected
52888,66769,27,6,SelfEmployed,300,High,Rejected
90432,76475,52,1,Salaried,419,High,Rejected
26638,14303,59,5,Salaried,300,High,Rejected
37563,6010,49,3,Salaried,343,High,Rejected
42655,68347,39,2,SelfEmployed,300,High,Rejected
71887,25216,18,2,SelfEmployed,457,High,Rejected
38458,14296,34,4,SelfEmployed,300,High,Rejected
76892,17685,18,1,Salaried,528,High,Rejected
80860,36699,44,1,SelfEmployed,491,High,Rejected
39490,58880,27,4,SelfEmployed,300,High,Rejected
83345,16228,10,6,SelfEmployed,408,High,Rejected
86364,78497,28,3,SelfEmployed,337,High,Rejected
63571,25994,27,6,Salaried,302,High,Rejected
44276,56600,11,2,Salaried,300,High,Rejected
30667,73199,34,6,Salaried,300,High,Rejected
58068,2374,34,0,Salaried,525,High,Rejected
